Norte,Sur,Este,Oeste,GANADOR_ESPERADO
49,38,53,13,2
4,58,46,9,1
7,12,23,39,3
7,3,38,18,2
49,45,14,24,0
48,12,57,6,2
8,46,58,23,2
54,1,59,50,2
17,24,22,50,3
31,39,9,13,1
17,54,49,23,1
2,41,22,48,3
16,17,59,2,2
26,48,43,16,1
41,4,37,55,3
46,23,21,50,3
0,23,58,3,2
33,18,19,6,0
16,11,0,32,3
43,57,40,15,1
35,43,9,13,1
14,17,6,4,1
18,17,39,56,3
33,1,54,38,2
8,53,46,54,3
3,31,40,55,3
44,7,27,53,3
45,29,27,22,0
37,17,25,4,0
17,14,52,17,2
38,1,24,58,3
16,50,47,48,1
53,4,24,9,0
12,55,1,23,1
41,31,32,19,0
41,29,28,29,0
32,6,38,54,3
37,6,41,20,2
9,50,14,42,1
24,46,17,23,1
24,50,11,49,1
6,3,12,6,2
23,8,41,1,2
55,11,0,18,0
37,18,1,3,0
43,38,8,18,0
25,32,55,40,2
51,45,4,32,0
28,48,45,42,1
28,3,54,7,2
17,17,49,22,2
2,10,35,17,2
24,12,45,28,2
57,32,32,50,0
49,44,2,57,3
2,50,7,28,1
13,16,28,54,3
3,42,39,33,1
26,39,3,59,3
58,14,58,45,0
38,24,22,50,3
41,6,43,22,2
14,12,45,13,2
2,23,28,8,2
59,27,5,50,0
59,11,43,2,0
33,32,9,19,0
29,18,13,52,3
10,15,13,45,3
7,46,42,52,3
20,40,45,31,2
38,18,18,44,3
6,49,49,9,1
0,24,41,4,2
58,56,0,43,0
25,10,57,18,2
12,45,15,19,1
5,1,15,1,2
9,54,48,9,1
14,45,21,24,1
59,44,49,39,0
34,45,25,46,3
3,32,56,1,2
46,11,13,42,0
57,55,19,38,0
52,54,3,32,1
10,13,20,42,3
1,36,29,46,3
38,6,15,52,3
12,33,54,45,2
37,46,24,13,1
47,28,30,17,0
10,26,35,42,3
34,56,39,3,1
59,52,19,34,0
22,46,0,45,1
31,0,40,34,2
25,59,16,20,1
49,25,44,52,3
25,22,56,45,2
58,29,37,31,0
54,4,29,48,0
1,16,57,8,2
14,39,44,8,2
36,6,37,14,2
21,16,25,39,3
19,33,23,51,3
1,31,22,3,1
51,16,47,28,0
10,2,55,45,2
28,34,29,35,3
51,30,58,42,2
8,38,57,49,2
51,51,33,7,0
21,56,33,44,1
11,31,6,22,1
38,37,40,28,2
50,18,13,10,0
10,32,15,21,1
24,47,36,17,1
31,13,38,7,2
39,52,25,13,1
43,16,3,59,3
41,23,6,13,0
30,43,5,22,1
36,20,10,4,0
37,40,53,27,2
38,44,41,3,1
31,58,43,59,3
33,55,49,28,1
6,6,50,7,2
16,3,16,27,3
30,52,39,38,1
46,38,32,29,0
3,34,24,31,1
32,27,46,17,2
13,43,12,59,3
4,34,18,33,1
51,49,8,13,0
44,15,12,42,0
25,7,27,22,2
42,38,12,52,3
34,13,28,57,3
9,13,10,45,3
58,22,6,7,0
50,40,46,58,3
21,10,34,57,3
19,56,30,5,1
36,47,28,45,1
57,24,10,44,0
0,15,0,0,1
14,37,28,14,1
7,3,11,3,2
30,48,40,58,3
45,31,11,42,0
20,20,43,5,2
10,21,13,33,3
41,41,8,53,3
34,11,12,40,3
21,44,41,50,3
51,49,55,47,2
44,7,26,36,0
16,29,29,6,1
18,24,33,57,3
59,3,44,48,0
15,20,3,38,3
30,0,22,35,3
34,33,45,14,2
2,59,56,42,1
21,36,54,7,2
18,11,19,7,2
46,19,39,40,0
14,28,48,22,2
47,28,49,52,3
56,8,24,27,0
35,45,42,36,1
44,57,12,38,1
30,57,52,37,1
49,40,10,23,0
58,4,10,54,0
28,37,10,24,1
45,40,6,32,0
41,27,38,33,0
20,56,33,17,1
51,17,35,35,0
42,57,33,22,1
38,25,57,15,2
59,2,40,8,0
22,16,51,57,3
32,28,43,36,2
4,29,33,4,2
38,33,54,23,2
47,32,35,44,0
54,18,7,39,0
50,48,25,51,3
21,1,53,26,2
8,34,23,32,1
27,21,3,49,3
57,55,10,31,0
40,24,18,9,0
20,25,21,15,1
14,38,0,10,1
21,38,56,33,2
48,50,15,13,1
2,10,3,40,3
37,29,37,3,0
34,41,10,13,1
18,58,13,33,1
48,25,54,39,2
43,28,25,34,0
43,38,16,32,0
55,53,4,51,0
36,16,41,20,2
13,25,54,2,2
2,50,53,30,2
42,46,21,34,1
7,25,16,51,3
27,54,17,14,1
15,9,28,11,2
39,55,3,55,1
22,33,34,19,2
14,57,24,23,1
35,47,50,6,2
14,27,27,30,3
7,52,15,28,1
56,18,14,29,0
21,51,9,59,3
22,16,48,29,2
34,15,57,41,2
19,7,36,40,3
33,56,27,6,1
25,53,20,48,1
41,32,32,57,3
16,13,43,11,2
14,55,51,13,1
55,0,23,39,0
57,24,33,11,0
1,48,41,50,3
59,53,48,53,0
15,6,20,43,3
5,2,5,32,3
3,17,38,24,2
7,49,5,20,1
52,25,30,46,0
9,12,40,59,3
46,36,25,12,0
38,11,29,8,0
38,47,24,54,3
55,58,38,31,1
54,17,43,55,3
6,56,10,5,1
36,48,51,25,2
42,44,50,37,2
51,58,10,17,1
4,42,10,53,3
39,11,9,5,0
28,16,1,42,3
14,9,6,6,0
23,54,29,11,1
0,8,16,2,2
50,8,33,15,0
51,13,39,0,0
1,20,8,21,3
54,40,43,43,0
8,59,40,53,1
48,52,43,7,1
27,13,35,28,2
56,53,17,8,0
45,15,3,40,0
14,46,8,24,1
16,9,9,36,3
46,6,13,15,0
48,45,26,8,0
46,11,42,11,0
58,7,23,54,0
0,25,44,7,2
9,6,25,1,2
14,18,6,46,3
59,49,21,2,0
29,46,27,12,1
2,15,50,27,2
27,15,16,36,3
9,42,31,15,1
21,44,34,24,1
18,33,19,2,1
55,32,55,44,0
23,52,36,31,1
48,34,45,23,0
1,56,50,14,1
23,53,12,17,1
32,31,22,23,0
7,1,2,11,3
22,47,14,14,1
56,7,34,21,0
32,15,14,38,3
41,27,42,8,2
39,39,29,6,0
54,23,5,5,0
22,59,43,6,1
46,30,50,14,2
31,59,21,46,1
16,54,1,9,1
53,40,49,49,0
26,12,35,11,2
8,46,32,57,3
54,18,10,15,0
40,25,13,41,3
55,16,12,45,0
1,30,30,8,1
16,42,5,46,3
0,29,15,52,3
17,17,2,24,3
11,57,3,1,1
10,57,54,39,1
44,38,54,31,2
38,23,50,43,2
3,48,15,43,1
26,37,59,14,2
28,19,19,8,0
50,2,45,45,0
6,54,34,10,1
23,56,25,38,1
22,46,9,57,3
27,7,43,20,2
32,26,25,19,0
25,51,30,1,1
30,31,57,26,2
43,29,10,46,3
24,26,9,18,1
47,48,24,54,3
18,59,3,5,1
23,49,5,12,1
31,35,24,9,1
3,33,42,15,2
31,11,40,46,3
42,44,10,56,3
38,47,27,41,1
28,10,2,25,0
55,54,13,8,0
19,22,57,40,2
29,38,47,13,2
36,37,1,17,1
34,5,53,55,3
33,18,49,41,2
59,13,16,29,0
59,40,21,59,0
14,20,15,39,3
14,40,48,51,3
2,0,49,5,2
23,24,0,31,3
20,24,59,40,2
24,9,19,2,0
24,38,1,9,1
28,4,10,9,0
7,14,58,22,2
58,14,49,23,0
12,24,53,35,2
8,7,33,40,3
36,7,57,26,2
11,29,27,10,1
12,33,23,59,3
39,47,56,40,2
30,32,31,12,1
2,51,8,20,1
21,51,36,57,3
31,35,20,40,3
51,11,13,7,0
29,25,38,42,3
45,26,49,39,2
56,10,13,28,0
24,50,43,20,1
44,9,45,21,2
18,33,40,14,2
48,41,51,48,2
2,23,14,17,1
38,35,22,50,3
41,0,0,44,3
53,45,53,2,0
50,46,17,46,0
31,52,26,26,1
56,52,35,56,0
53,38,51,18,0
7,22,30,51,3
9,48,31,22,1
53,19,6,40,0
16,42,20,31,1
25,54,36,50,1
31,31,17,13,0
45,2,59,2,2
31,4,22,40,3
18,38,31,27,1
46,34,5,53,3
52,39,19,32,0
18,44,18,0,1
38,12,42,34,2
27,42,46,24,2
48,23,4,18,0
6,25,55,20,2
2,10,13,12,2
27,4,49,47,2
56,45,41,6,0
34,6,56,49,2
59,42,2,55,0
59,55,41,33,0
13,21,30,12,2
34,25,38,31,2
42,50,26,19,1
52,7,40,56,3
55,2,6,7,0
38,29,23,5,0
17,24,7,58,3
16,6,8,41,3
28,42,0,19,1
23,39,3,29,1
15,31,13,57,3
38,28,51,11,2
16,50,49,35,1
50,16,51,16,2
2,32,56,38,2
34,23,2,31,0
8,10,7,9,1
8,20,19,15,1
57,40,4,59,3
35,51,33,57,3
51,49,0,25,0
27,9,30,52,3
44,4,35,21,0
9,55,43,16,1
41,29,16,22,0
4,20,17,55,3
17,10,46,40,2
16,22,13,9,1
47,4,5,4,0
43,4,18,30,0
22,28,42,47,3
57,46,32,56,0
40,17,45,58,3
14,56,32,15,1
3,40,58,5,2
34,33,9,50,3
9,21,2,5,1
45,32,25,40,0
56,53,44,13,0
44,52,3,41,1
15,35,23,35,1
52,5,8,43,0
30,50,19,44,1
12,23,36,6,2
50,34,25,47,0
10,15,26,41,3
43,45,40,58,3
23,10,28,30,3
49,28,22,54,3
18,56,28,10,1
29,32,52,7,2
0,56,36,4,1
15,55,58,20,2
58,57,27,59,3
26,18,53,3,2
34,32,33,33,0
5,24,44,26,2
6,52,39,20,1
16,55,0,39,1
52,19,32,56,3
35,2,41,35,2
12,30,30,59,3
40,29,6,15,0
57,8,19,7,0
8,21,34,11,2
23,58,3,19,1
15,23,7,50,3
26,46,34,5,1
55,6,4,59,3
5,58,32,1,1
14,4,8,55,3
14,36,7,21,1
44,3,45,29,2
14,28,18,6,1
42,20,36,19,0
44,20,4,45,3
57,11,26,27,0
11,1,20,14,2
47,39,29,4,0
26,19,40,32,2
59,29,24,39,0
8,37,53,55,3
53,27,40,43,0
8,2,33,26,2
58,11,54,1,0
40,56,7,49,1
16,51,2,30,1
58,46,35,21,0
17,30,48,21,2
54,4,49,22,0
15,27,32,29,2
31,3,55,10,2
47,56,3,53,1
35,15,1,32,0
50,47,8,39,0
7,33,58,50,2
27,52,42,25,1
45,36,17,19,0
34,55,12,20,1
57,14,45,12,0
58,31,57,4,0
33,12,13,2,0
7,9,45,1,2
33,41,5,54,3
9,2,40,46,3
21,29,20,7,1
42,47,16,23,1
30,26,38,5,2
15,37,23,8,1
55,19,42,4,0
21,25,8,5,1
59,53,42,15,0
57,28,5,33,0
15,52,21,51,1
36,53,27,59,3
19,19,52,31,2
1,32,27,5,1
18,4,57,58,3
47,16,50,38,2
50,42,51,29,2
33,42,21,12,1
24,34,28,31,1
35,44,32,16,1
34,53,44,1,1
43,28,54,35,2
49,14,4,59,3
10,14,27,41,3
9,54,29,41,1
7,13,44,8,2
49,12,25,16,0
45,32,35,40,0
27,10,14,22,0
36,33,45,25,2
31,26,30,16,0
15,52,49,15,1
31,22,26,36,3
14,23,20,1,1
48,38,7,38,0
21,41,26,49,3
49,0,36,33,0
33,6,52,3,2
38,23,27,36,0
2,59,38,8,1
27,55,4,25,1
23,56,13,25,1
17,57,6,29,1
58,16,49,34,0
49,1,4,12,0
2,28,5,52,3
29,1,8,2,0
57,45,3,9,0
57,25,7,51,0
29,40,25,56,3
5,18,7,2,1
52,23,18,45,0
3,43,56,13,2
50,35,7,42,0
32,24,14,40,3
54,20,34,24,0
16,21,25,27,3
18,26,24,47,3
38,0,37,18,0
28,51,37,14,1
10,26,29,54,3
2,29,55,2,2
26,48,47,3,1
20,44,31,40,1
31,19,47,29,2
20,13,3,44,3
42,31,45,39,2
41,26,42,32,2
30,48,25,1,1
46,6,53,0,2
27,22,14,45,3
19,36,43,56,3
50,29,11,16,0
52,56,42,53,1
35,5,18,16,0
50,39,21,19,0
9,55,1,26,1
17,36,10,8,1
13,52,23,43,1
13,21,59,9,2
59,57,58,52,0
30,9,5,33,3
39,20,56,12,2
38,1,3,24,0
59,1,49,44,0
10,18,32,52,3
12,5,45,22,2
47,20,59,14,2
26,30,58,6,2
17,22,51,35,2
53,57,13,37,1
42,52,14,29,1
50,34,53,24,2
50,36,13,4,0
7,8,48,7,2
29,34,41,15,2
33,22,15,31,0
10,18,29,9,2
39,51,38,16,1
12,44,1,50,3
30,18,53,5,2
15,17,35,28,2
4,20,4,59,3
56,50,41,7,0
27,33,49,48,2
38,52,6,31,1
19,8,13,40,3
25,43,26,11,1
10,1,27,31,3
30,45,2,11,1
33,27,20,3,0
57,51,41,49,0
13,51,5,32,1
48,48,29,56,3
12,20,48,50,3
1,6,36,55,3
25,57,49,4,1
49,27,11,44,0
13,24,35,55,3
34,28,26,3,0
55,54,8,2,0
18,24,56,26,2
7,37,42,42,2
36,47,51,39,2
43,3,45,0,2
46,32,26,54,3
5,36,44,6,2
35,28,59,12,2
45,41,25,2,0
6,51,55,18,2
41,56,2,48,1
1,14,57,7,2
44,1,50,59,3
14,14,47,41,2
29,18,38,43,3
13,18,27,10,2
30,3,24,7,0
39,1,58,29,2
56,38,29,59,3
6,0,10,17,3
21,57,50,41,1
43,55,46,34,1
54,29,19,41,0
39,10,11,0,0
25,44,35,33,1
33,13,11,0,0
11,15,53,49,2
32,4,4,35,3
47,5,12,44,0
36,25,44,50,3
53,23,48,59,3
38,13,21,18,0
31,54,37,23,1
43,37,8,14,0
13,42,2,43,3
0,47,48,42,2
41,32,33,14,0
28,59,49,28,1
53,59,8,34,1
58,25,10,8,0
22,5,48,47,2
50,15,16,16,0
50,32,51,34,2
38,25,24,6,0
44,20,25,11,0
15,36,59,41,2
20,23,16,20,1
6,51,39,2,1
16,15,25,37,3
45,58,36,29,1
54,59,36,35,1
31,50,10,7,1
40,22,24,0,0
53,32,4,53,0
27,0,39,1,2
53,4,15,10,0
26,0,44,3,2
41,14,55,56,3
59,44,0,22,0
33,38,43,15,2
32,21,53,15,2
6,40,34,17,1
5,45,53,45,2
58,23,35,7,0
27,49,0,43,1
25,5,1,59,3
33,53,1,22,1
6,49,18,25,1
27,6,35,40,3
1,54,40,2,1
5,29,20,41,3
9,40,36,8,1
37,29,35,52,3
34,1,31,6,0
25,13,35,35,2
11,4,10,3,0
50,59,12,55,1
21,37,57,4,2
27,53,45,13,1
3,49,48,29,1
56,51,52,1,0
7,26,41,53,3
0,46,38,44,1
46,16,12,39,0
59,16,58,15,0
30,33,5,25,1
27,14,49,23,2
33,57,4,18,1
19,1,10,57,3
31,55,48,56,3
36,5,19,45,3
7,11,56,53,2
16,27,46,21,2
42,50,53,34,2
32,52,1,48,1
27,24,45,12,2
56,33,51,31,0
13,13,8,43,3
33,36,47,31,2
54,16,16,50,0
34,45,7,7,1
26,16,16,50,3
31,9,25,35,3
23,55,53,30,1
39,4,31,46,3
39,34,18,49,3
36,11,39,24,2
51,53,43,41,1
17,4,38,56,3
12,53,21,27,1
18,36,29,3,1
25,10,5,38,3
44,36,22,39,0
57,25,13,4,0
16,8,44,40,2
29,36,13,41,3
14,38,57,20,2
31,2,21,42,3
38,8,27,45,3
35,12,29,22,0
30,45,8,51,3
53,56,31,7,1
49,45,42,17,0
43,40,32,20,0
39,58,54,50,1
48,5,55,8,2
40,50,27,20,1
40,9,45,53,3
52,31,6,21,0
57,6,56,51,0
8,14,50,14,2
28,21,26,40,3
44,8,7,10,0
22,10,31,31,2
46,16,38,57,3
41,39,33,31,0
42,16,14,41,0
27,40,52,3,2
37,46,33,52,3
49,33,31,9,0
47,59,49,52,1
33,24,20,26,0
48,24,36,11,0
13,17,4,29,3
25,42,2,24,1
47,31,20,39,0
2,59,41,8,1
25,22,39,51,3
39,17,50,6,2
40,54,2,26,1
52,5,23,25,0
51,24,52,19,2
26,16,3,18,0
31,11,38,53,3
30,56,5,17,1
29,6,28,44,3
31,20,18,39,3
0,5,2,9,3
21,28,50,36,2
4,17,5,13,1
5,59,14,34,1
38,21,0,52,3
38,57,0,43,1
53,56,25,31,1
53,29,39,39,0
35,42,53,27,2
50,17,54,31,2
51,54,13,54,1
51,6,52,12,2
20,50,38,48,1
18,58,39,58,1
18,1,3,16,0
59,21,20,10,0
32,31,35,1,2
52,15,0,27,0
17,47,34,13,1
58,38,28,3,0
17,32,31,54,3
27,54,27,57,3
7,32,0,6,1
31,11,18,30,0
52,13,46,18,0
19,8,12,4,0
57,56,22,17,0
34,36,12,51,3
43,10,29,59,3
48,46,14,50,3
5,27,30,37,3
20,41,41,26,1
21,28,22,44,3
41,20,25,0,0
23,40,36,32,1
4,4,41,54,3
31,40,26,27,1
21,40,41,44,3
59,2,50,32,0
27,50,28,25,1
43,50,52,11,2
13,49,39,3,1
12,32,7,10,1
6,32,53,9,2
42,35,43,3,2
24,10,58,5,2
54,22,59,44,2
19,34,0,23,1
1,31,37,36,2
11,39,30,59,3
46,12,41,9,0
0,32,30,5,1
50,29,13,17,0
50,32,21,1,0
38,28,16,27,0
33,45,4,3,1
49,0,8,41,0
31,25,46,48,3
15,57,50,13,1
13,16,32,38,3
35,49,12,5,1
10,22,0,36,3
43,19,35,41,0
20,41,13,3,1
41,44,37,43,1
7,29,23,20,1
42,22,46,34,2
37,31,50,10,2
22,7,40,4,2
48,16,15,37,0
46,33,29,7,0
49,44,23,35,0
40,20,37,42,3
22,42,58,45,2
3,57,2,28,1
10,9,34,58,3
39,12,41,25,2
57,51,36,54,0
11,35,55,36,2
2,26,19,37,3
49,42,48,34,0
53,16,11,7,0
41,55,43,7,1
12,57,22,24,1
52,13,46,49,0
9,58,8,58,1
8,7,9,23,3
15,54,19,34,1
22,58,27,53,1
1,7,15,40,3
15,33,23,4,1
55,46,8,56,3
41,29,43,40,2
39,47,8,10,1
8,26,45,33,2
27,47,33,50,3
14,17,44,59,3
20,43,37,17,1
51,32,51,53,3
50,54,53,32,1
39,32,17,0,0
1,56,26,42,1
18,59,43,6,1
52,3,31,56,3
15,59,48,44,1
21,36,22,29,1
50,3,16,3,0
36,44,43,19,1
12,18,53,11,2
2,21,12,43,3
36,27,7,7,0
50,4,7,33,0
23,31,25,6,1
7,10,10,26,3
19,6,44,22,2
10,11,17,3,2
50,43,47,34,0
5,3,5,30,3
24,38,35,4,1
40,41,5,14,1
28,12,26,46,3
45,30,20,25,0
3,14,58,25,2
11,45,16,55,3
48,55,34,17,1
5,46,22,38,1
28,14,14,59,3
11,59,15,11,1
36,12,4,52,3
8,33,10,26,1
7,50,39,19,1
1,1,58,45,2
8,34,15,43,3
14,5,41,47,3
14,57,38,7,1
30,47,17,3,1
38,35,24,2,0
32,4,19,49,3
48,17,7,11,0
27,56,1,4,1
49,10,11,58,3
33,13,11,44,3
20,32,29,36,3
51,54,12,32,1
10,41,15,30,1
25,4,3,52,3
10,22,13,38,3
18,19,47,48,3
1,51,19,3,1
1,38,48,23,2
37,35,20,53,3
49,5,21,11,0
43,10,35,21,0
7,26,31,24,2
32,53,39,0,1
59,49,58,54,0
29,47,21,30,1
5,56,0,14,1
30,48,6,16,1
24,33,52,39,2
17,59,43,35,1
18,21,34,40,3
8,34,21,20,1
44,49,36,9,1
51,6,25,48,0
39,3,50,27,2
45,27,15,40,0
15,12,49,34,2
52,1,31,16,0
10,9,2,41,3
55,10,0,48,0
49,14,19,36,0
3,24,11,55,3
30,20,19,0,0
58,9,21,27,0
31,32,21,54,3
3,27,11,5,1
9,40,2,20,1
55,0,41,2,0
26,30,12,1,1
20,5,18,53,3
37,22,53,21,2
4,52,4,15,1
34,38,46,38,2
25,44,44,27,1
33,40,30,21,1
40,2,4,37,0
1,7,59,53,2
49,59,4,56,1
15,49,19,17,1
44,14,5,37,0
13,12,1,10,0
50,22,41,54,3
33,27,52,0,2
33,31,16,12,0
45,13,8,42,0
26,15,21,59,3
36,40,25,6,1
39,19,36,23,0
10,37,43,3,2
42,1,29,57,3
56,17,3,14,0
38,54,22,1,1
27,8,40,53,3
21,24,3,5,1
26,41,41,55,3
41,45,43,48,3
58,44,8,1,0
27,5,41,21,2
51,29,32,29,0
40,11,1,26,0
21,38,0,2,1
7,2,44,1,2
40,21,46,17,2
15,41,56,25,2
25,30,33,20,2
39,1,44,36,2
22,36,43,20,2
46,34,22,35,0
56,1,49,48,0
41,22,46,22,2
55,41,34,14,0
34,24,9,14,0
50,13,28,16,0
46,14,35,50,3
11,30,6,5,1
23,25,41,42,3
20,15,14,47,3
4,58,45,44,1
13,42,39,34,1
15,13,8,11,0
56,53,51,20,0
5,11,16,40,3
40,9,36,21,0
44,16,10,57,3
45,29,41,57,3
37,38,54,49,2
46,39,20,45,0
15,48,54,29,2
2,52,50,41,1
45,32,48,41,2
59,42,7,19,0
24,10,36,10,2
41,20,22,50,3
42,23,7,45,3
11,55,3,24,1
26,44,11,11,1
56,15,27,39,0
7,3,35,18,2
33,51,58,18,2
8,30,46,34,2
53,11,2,7,0
58,43,51,21,0
30,48,11,8,1
30,54,15,30,1
10,51,6,38,1
10,1,16,44,3
52,42,24,39,0
35,47,27,25,1
22,13,19,55,3
50,32,6,13,0
57,32,28,46,0
21,39,17,31,1
25,47,33,12,1
47,8,6,57,3
26,16,29,21,2
42,24,24,33,0
13,42,47,18,2
37,50,25,56,3
22,55,21,22,1
59,1,47,47,0
17,26,50,21,2
52,32,56,1,2
42,38,56,7,2
6,2,1,38,3
23,58,20,6,1
50,56,50,2,1
27,29,31,52,3
9,50,35,45,1
0,10,25,47,3
55,4,58,43,2
1,3,3,9,3
39,38,33,13,0
6,8,40,22,2
32,35,39,52,3
21,2,18,37,3
20,17,58,8,2
8,49,14,33,1
34,20,28,14,0
23,5,47,20,2
4,44,25,17,1
11,16,30,13,2
48,53,40,32,1
27,58,23,5,1
19,29,30,32,3
5,19,22,19,2
45,1,28,20,0
40,39,28,28,0
19,13,23,53,3
54,37,19,37,0
33,57,54,30,1
17,6,49,51,3
19,55,23,15,1
34,15,44,11,2
40,19,4,54,3
44,36,24,17,0
18,36,13,15,1
25,12,13,32,3
32,24,14,55,3
34,8,30,38,3
24,25,34,38,3
28,28,36,38,3
41,31,19,58,3
20,46,31,44,1
2,36,25,45,3
22,34,36,15,2
34,5,26,14,0
43,43,30,11,0
13,29,39,21,2
20,13,27,38,3
33,34,0,48,3
45,37,24,33,0
21,23,19,12,1
55,1,23,29,0
54,23,50,12,0
41,30,32,24,0
57,55,9,6,0
20,57,0,32,1
39,48,30,58,3
1,49,48,15,1
27,20,44,41,2
5,3,22,18,2
25,55,33,27,1
14,30,39,48,3
44,9,45,30,2
29,50,22,40,1
58,38,19,49,0
46,40,40,39,0
43,55,22,21,1
47,20,41,12,0
9,18,23,46,3
29,20,4,43,3
57,7,5,5,0
16,47,23,45,1
12,51,34,47,1
16,28,24,29,3
53,13,6,2,0
47,16,8,16,0
46,14,28,15,0
9,35,27,21,1
58,37,13,26,0
59,53,14,7,0
10,24,10,37,3
5,23,17,21,1
29,46,18,34,1
29,58,10,26,1
34,4,18,37,3
3,43,19,12,1
47,4,17,37,0
0,59,1,1,1
24,22,0,33,3
40,18,15,34,0
21,27,22,55,3
22,43,31,25,1
3,33,50,1,2
18,28,23,59,3
7,38,39,47,3
7,40,32,20,1
0,6,48,40,2
37,31,58,24,2
46,54,53,5,1
48,38,29,25,0
57,0,54,24,0
5,19,58,4,2
32,50,31,9,1
26,47,50,2,2
52,37,51,24,0
2,45,56,51,2
51,46,59,12,2
52,18,48,41,0
44,29,5,13,0
43,10,49,42,2
25,28,14,43,3
49,30,0,35,0
15,25,28,3,2
43,47,26,16,1
17,6,36,45,3
27,3,28,50,3
55,42,0,57,3
57,54,38,5,0
15,44,24,49,3
9,10,49,56,3
55,51,43,26,0
27,59,56,18,1
0,26,53,43,2
35,30,15,37,3
35,44,46,9,2
43,44,23,29,1
19,12,14,14,0
47,6,17,48,3
17,42,4,56,3
38,36,21,24,0
54,12,5,4,0
53,2,27,6,0
17,16,28,31,3
28,13,59,13,2
38,39,30,16,1
24,14,10,2,0
38,48,12,2,1
46,11,51,35,2
30,39,17,18,1
55,31,48,22,0
9,2,5,32,3
11,25,30,53,3
58,37,1,12,0
18,45,0,52,3
36,33,35,59,3
32,37,57,27,2
31,2,48,11,2
22,12,0,58,3
38,30,28,9,0
25,20,54,50,2
26,31,59,42,2
49,1,17,46,0
15,18,58,19,2
42,36,17,10,0
43,36,30,29,0
7,15,1,56,3
8,40,21,6,1
33,20,13,27,0
11,1,53,48,2
42,38,55,28,2
46,36,11,40,0
32,20,16,3,0
57,53,30,34,0
1,26,56,38,2
10,28,2,2,1
47,56,46,25,1
46,59,52,12,1
23,3,34,38,3
15,42,43,7,2
19,17,39,37,2
45,17,45,2,0
32,13,22,33,3
53,19,29,8,0
39,26,38,30,0
52,59,7,49,1
27,36,20,55,3
44,37,1,15,0
13,44,14,1,1
43,11,58,34,2
13,2,1,14,3
5,36,6,7,1
13,18,40,23,2
36,6,12,16,0
6,56,28,49,1
28,8,12,40,3
57,6,2,14,0
10,12,31,21,2
39,56,32,45,1
27,35,11,58,3
1,40,34,22,1
47,0,54,58,3
22,14,54,56,3
34,36,21,19,1
30,57,0,9,1
26,30,37,20,2
52,25,43,12,0
16,33,6,54,3
58,57,3,17,0
32,43,49,11,2
52,32,5,12,0
43,16,46,19,2
4,43,20,27,1
24,16,0,50,3
15,40,40,14,1
55,38,57,17,2
55,43,47,14,0
31,6,20,46,3
29,44,50,30,2
40,11,35,47,3
39,27,35,25,0
13,57,2,14,1
21,5,52,21,2
20,56,19,27,1
32,14,10,26,0
42,40,38,6,0
6,28,29,28,2
12,28,21,33,3
7,11,20,41,3
1,41,8,39,1
37,18,17,47,3
19,14,47,49,3
55,15,17,27,0
22,33,32,37,3
35,47,53,17,2
0,53,39,53,1
10,28,21,39,3
22,50,34,15,1
40,6,37,3,0
57,42,3,22,0
24,4,18,4,0
57,16,49,50,0
45,9,45,33,0
18,54,10,52,1
52,59,36,13,1
4,42,35,53,3
50,31,1,42,0
33,55,33,45,1
17,58,49,24,1
17,24,49,50,3
26,8,58,13,2
20,37,21,40,3
30,13,54,27,2
22,22,32,49,3
27,56,12,29,1
46,32,37,53,3
28,46,58,9,2
14,26,2,49,3
23,19,38,50,3
35,43,23,20,1
29,44,36,19,1
41,17,15,11,0
19,29,11,9,1
34,39,51,13,2
54,9,32,54,0
38,15,9,50,3
7,50,59,20,2
31,21,22,39,3
32,24,57,42,2
16,48,19,3,1
5,44,1,56,3
47,22,47,42,0
9,11,21,2,2
14,19,48,17,2
46,21,59,25,2
27,43,29,28,1
13,9,13,7,0
5,33,7,25,1
3,38,5,59,3
14,46,37,2,1
59,52,35,4,0
37,51,9,55,3
15,56,57,42,2
44,20,56,56,2
35,3,26,10,0
39,18,44,2,2
46,34,59,56,2
47,7,3,0,0
32,12,39,57,3
20,13,59,29,2
57,25,53,23,0
16,54,59,46,2
46,25,32,2,0
19,51,7,51,1
57,22,36,39,0
53,43,6,51,0
20,32,18,13,1
44,19,10,22,0
32,8,51,50,2
40,31,43,42,2
55,40,22,48,0
19,49,57,58,3
3,34,39,57,3
31,41,40,16,1
35,2,34,31,0
2,36,40,7,2
22,21,36,25,2
18,32,25,59,3
28,21,15,25,0
7,56,51,40,1
6,36,41,55,3
54,22,47,41,0
29,24,40,44,3
28,47,8,41,1
24,10,2,34,3
44,12,19,37,0
27,0,38,52,3
38,25,42,47,3
55,8,18,17,0
53,33,30,5,0
12,3,20,26,3
13,58,32,8,1
26,9,5,27,3
3,47,43,52,3
25,29,26,1,1
1,25,29,59,3
43,38,41,47,3
21,15,36,3,2
15,18,59,56,2
17,12,35,58,3
24,48,41,39,1
40,3,7,25,0
8,27,9,42,3
35,54,51,53,1
12,23,50,27,2
30,57,41,38,1
53,13,25,37,0
55,3,29,13,0
41,6,59,15,2
23,10,2,16,0
3,36,0,43,3
10,51,36,12,1
51,38,54,9,2
31,31,17,0,0
6,30,31,1,2
20,51,14,21,1
14,35,10,57,3
13,45,43,56,3
15,21,34,56,3
54,29,1,37,0
2,31,35,42,3
5,59,12,36,1
1,12,46,0,2
12,12,32,54,3
13,19,14,24,3
8,41,52,17,2
29,46,14,8,1
12,36,35,36,1
57,59,0,17,1
19,0,28,3,2
24,5,15,20,0
46,7,20,36,0
39,53,46,1,1
49,23,9,53,3
44,42,48,19,2
11,15,43,17,2
37,25,28,10,0
16,37,8,34,1
8,56,42,34,1
1,40,48,21,2
34,28,23,40,3
10,47,43,52,3
54,21,50,52,0
0,29,50,20,2
17,50,50,4,1
1,2,21,14,2
40,26,6,6,0
6,54,13,36,1
57,1,25,10,0
42,13,55,23,2
56,30,14,22,0
52,41,26,51,0
6,49,33,29,1
3,27,4,13,1
56,28,13,6,0
48,6,51,26,2
54,53,31,58,3
33,29,2,53,3
34,46,19,6,1
19,22,10,5,1
29,28,54,25,2
5,44,57,1,2
48,4,16,48,0
18,14,22,45,3
39,15,57,5,2
52,10,40,26,0
14,1,45,32,2
42,18,29,31,0
13,10,20,13,2
8,26,0,19,1
29,11,35,17,2
50,48,20,36,0
41,12,24,36,0
44,59,24,46,1
10,48,46,57,3
32,40,33,14,1
30,51,33,14,1
54,56,9,17,1
20,12,1,13,0
40,21,20,52,3
28,56,38,34,1
27,40,13,33,1
0,54,17,11,1
57,11,23,32,0
34,41,36,46,3
24,38,7,3,1
28,55,44,20,1
5,21,4,21,1
34,40,10,1,1
32,36,37,50,3
42,41,9,18,0
19,8,51,45,2
54,35,37,56,3
20,29,55,33,2
27,57,3,15,1
44,2,51,25,2
49,39,36,21,0
5,51,49,17,1
28,39,52,52,2
53,49,17,31,0
47,44,33,24,0
25,21,48,0,2
58,41,35,5,0
40,22,42,29,2
53,7,42,33,0
17,50,32,42,1
9,40,31,6,1
44,22,6,29,0
38,29,37,53,3
2,3,24,5,2
35,46,38,20,1
3,4,35,32,2
41,54,33,47,1
6,41,50,56,3
21,51,53,32,2
52,20,58,10,2
55,9,46,59,3
30,21,52,43,2
1,23,34,51,3
54,18,56,48,2
44,18,21,36,0
59,19,36,56,0
43,46,42,24,1
56,0,28,12,0
50,35,57,15,2
2,22,59,4,2
32,13,31,21,0
55,27,37,29,0
2,19,14,5,1
30,56,40,1,1
27,37,59,53,2
30,50,43,42,1
56,8,2,10,0
56,25,49,54,0
19,24,36,23,2
58,2,33,54,0
46,50,12,18,1
7,22,37,51,3
37,47,51,37,2
17,59,32,9,1
7,37,53,59,3
8,41,1,31,1
41,32,48,51,3
36,22,18,1,0
18,8,28,28,2
0,59,45,3,1
29,32,0,7,1
48,1,35,11,0
39,18,36,38,0
4,24,45,54,3
42,47,19,45,1
5,6,4,51,3
16,39,46,45,2
42,4,13,31,0
33,58,15,52,1
4,29,22,30,3
44,52,15,7,1
43,52,36,36,1
54,53,9,17,0
24,2,58,10,2
31,26,41,55,3
31,44,18,41,1
35,26,12,33,0
44,37,11,34,0
50,16,35,46,0
49,22,2,58,3
18,48,51,49,2
44,59,3,23,1
41,29,44,9,2
4,57,10,43,1
27,4,1,28,3
16,19,15,29,3
28,35,37,54,3
3,42,4,43,3
31,27,24,9,0
56,15,58,3,2
1,11,1,51,3
42,19,28,21,0
38,13,47,9,2
30,28,22,18,0
6,45,38,58,3
34,12,29,46,3
42,53,32,2,1
53,12,45,8,0
2,3,56,40,2
17,57,22,37,1
9,24,45,54,3
12,9,44,23,2
28,37,57,51,2
6,1,55,53,2
1,41,33,34,1
55,27,34,0,0
14,33,36,5,2
24,32,18,18,1
58,23,37,38,0
10,12,37,11,2
58,22,51,24,0
15,34,43,3,2
52,15,57,10,2
41,31,4,48,3
42,32,56,45,2
28,11,53,29,2
4,34,32,27,1
7,57,34,27,1
56,6,48,49,0
46,5,21,6,0
3,48,51,26,2
20,32,53,37,2
59,5,8,34,0
40,8,57,35,2
24,4,13,59,3
44,53,53,11,1
35,34,25,29,0
13,40,45,13,2
40,12,12,26,0
0,24,16,7,1
15,52,42,35,1
31,39,37,25,1
5,45,15,22,1
51,1,15,53,3
58,8,47,11,0
41,48,19,41,1
32,31,58,38,2
24,19,50,57,3
52,42,39,47,0
40,3,51,15,2
52,30,26,4,0
48,49,1,6,1
34,16,48,37,2
17,58,43,57,1
9,41,58,39,2
22,48,4,35,1
40,15,49,51,3
37,56,0,26,1
1,23,33,22,2
48,57,59,13,2
26,20,11,15,0
45,47,47,56,3
19,42,11,43,3
49,7,16,40,0
47,58,19,0,1
16,23,23,52,3
15,12,23,56,3
20,40,21,11,1
26,53,19,0,1
38,38,21,11,0
55,38,43,31,0
20,59,58,1,1
53,52,6,35,0
22,49,48,6,1
27,45,22,23,1
54,29,36,23,0
41,16,29,37,0
17,24,19,45,3
24,25,55,27,2
14,34,14,11,1
38,9,32,43,3
35,36,35,58,3
24,40,6,7,1
34,41,30,31,1
38,20,0,45,3
27,2,38,37,2
3,53,46,31,1
21,33,2,17,1
37,17,44,34,2
56,17,42,2,0
56,3,2,26,0
54,0,14,34,0
51,49,36,26,0
9,2,36,11,2
10,16,32,20,2
44,13,35,57,3
8,16,23,4,2
33,56,14,52,1
13,41,10,19,1
23,58,25,34,1
45,26,54,10,2
53,37,34,30,0
52,46,51,9,0
36,4,39,2,2
42,2,21,7,0
42,54,42,45,1
47,51,48,43,1
41,22,25,57,3
6,56,57,46,2
10,28,53,1,2
33,16,29,56,3
32,25,24,40,3
50,0,4,56,3
56,51,40,22,0
18,41,56,59,3
48,18,32,9,0
42,36,14,55,3
26,55,40,43,1
40,31,31,53,3
4,45,30,3,1
14,26,32,24,2
28,12,34,0,2
19,10,19,58,3
35,26,5,39,3
26,17,21,23,0
44,26,19,59,3
51,57,32,16,1
37,58,30,10,1
51,55,26,35,1
50,58,45,25,1
46,35,29,2,0
15,5,24,5,2
33,54,52,10,1
25,49,10,46,1
58,44,4,33,0
32,12,8,34,3
45,10,12,53,3
14,20,33,41,3
34,33,55,21,2
41,17,52,22,2
29,39,22,14,1
13,4,42,10,2
31,6,54,17,2
9,56,9,27,1
40,7,59,51,2
36,42,32,34,1
7,20,29,14,2
46,35,42,46,0
11,50,57,52,2
16,52,55,31,2
38,6,47,30,2
52,45,56,30,2
27,58,16,36,1
52,54,38,52,1
56,3,18,49,0
17,24,21,19,1
12,50,25,31,1
41,26,6,49,3
41,6,4,31,0
21,59,7,33,1
59,52,20,43,0
40,58,16,49,1
1,30,31,19,2
9,33,3,23,1
16,40,24,24,1
25,17,2,11,0
5,59,37,17,1
55,28,17,24,0
30,49,56,25,2
20,12,33,19,2
44,2,52,50,2
59,41,46,48,0
9,51,40,23,1
22,17,41,54,3
13,18,3,13,1
38,23,5,54,3
57,14,21,31,0
7,9,2,19,3
34,57,31,10,1
0,30,32,14,2
45,37,56,30,2
39,51,58,15,2
36,25,8,43,3
6,57,4,6,1
35,55,25,34,1
6,47,30,23,1
38,43,28,36,1
53,8,50,12,0
44,47,15,55,3
30,26,30,25,0
50,35,0,56,3
55,56,25,32,1
15,17,2,5,1
26,0,1,53,3
11,22,50,16,2
49,6,49,18,0
3,58,9,17,1
9,38,47,46,2
32,52,57,46,2
20,18,40,12,2
2,13,6,10,1
23,25,5,22,1
37,34,2,23,0
33,22,51,2,2
7,58,52,35,1
17,5,47,41,2
45,42,38,38,0
52,32,42,3,0
16,28,10,2,1
39,40,12,56,3
45,43,15,48,3
54,47,16,54,0
47,13,17,54,3
34,44,50,39,2
56,37,34,37,0
9,30,58,42,2
35,56,16,5,1
46,38,34,6,0
29,59,26,31,1
48,40,44,58,3
14,38,46,56,3
44,4,3,54,3
4,14,12,55,3
26,30,35,42,3
51,49,37,14,0
58,52,58,38,0
54,38,26,15,0
36,16,38,59,3
5,15,26,32,3
52,2,21,13,0
2,8,9,26,3
32,42,6,0,1
43,42,38,38,0
45,15,27,16,0
13,47,29,24,1
55,51,6,52,0
15,32,10,1,1
59,40,5,30,0
37,40,41,2,2
55,23,12,16,0
40,17,32,37,0
18,32,46,21,2
20,1,4,52,3
16,22,48,31,2
25,16,24,58,3
48,2,1,28,0
50,56,41,50,1
46,54,13,59,3
36,23,5,22,0
11,54,22,14,1
5,23,5,36,3
40,43,33,49,3
58,55,41,8,0
2,14,59,57,2
1,14,32,32,2
17,34,45,54,3
31,49,59,17,2
13,51,47,54,3
7,6,39,24,2
55,12,27,46,0
0,46,26,54,3
37,55,8,7,1
54,1,59,5,2
6,1,51,35,2
22,20,56,37,2
15,51,14,25,1
29,50,57,11,2
2,17,59,0,2
30,17,16,46,3
34,36,32,38,3
34,6,2,8,0
42,1,28,0,0
13,16,5,39,3
48,25,5,33,0
28,42,51,13,2
25,34,31,31,1
37,2,48,11,2
21,6,9,20,0
8,40,52,24,2
26,45,20,28,1
13,13,21,21,2
55,36,33,19,0
17,13,38,58,3
15,12,35,26,2
59,22,15,5,0
22,31,35,16,2
58,15,59,6,2
58,18,38,42,0
21,59,57,42,1
25,27,3,12,1
1,7,7,46,3
39,21,3,56,3
58,48,37,32,0
3,2,17,16,2
42,30,53,4,2
59,21,21,18,0
55,37,58,45,2
49,40,6,48,0
13,17,26,42,3
32,58,11,6,1
20,43,5,26,1
10,48,13,27,1
18,42,33,49,3
56,58,33,25,1
11,4,50,3,2
55,42,57,9,2
53,17,21,3,0
34,41,43,57,3
22,43,35,2,1
55,52,16,57,3
38,45,18,39,1
14,18,48,25,2
15,17,25,52,3
32,31,29,30,0
6,31,25,49,3
19,20,55,35,2
58,29,42,50,0
0,0,5,8,3
52,53,29,46,1
21,18,28,7,2
22,45,59,51,2
34,11,10,51,3
43,23,59,54,2
49,1,36,42,0
15,29,45,46,3
33,43,28,54,3
54,30,17,34,0
58,51,15,12,0
5,52,57,10,2
19,23,4,33,3
59,44,56,32,0
51,58,50,6,1
12,10,42,54,3
43,18,53,42,2
23,11,23,18,0
50,39,7,12,0
44,29,11,55,3
52,18,54,30,2
27,5,56,23,2
54,8,33,18,0
54,9,14,46,0
51,9,55,28,2
57,24,58,41,2
56,12,53,42,0
27,48,18,26,1
27,54,28,1,1
7,30,49,42,2
10,56,18,20,1
52,58,8,25,1
4,21,25,35,3
44,39,55,42,2
29,30,44,47,3
52,37,0,16,0
20,47,49,44,2
37,50,16,52,3
9,20,5,41,3
42,10,26,45,3
44,51,43,55,3
15,40,4,27,1
10,2,39,8,2
11,22,51,47,2
41,18,52,4,2
30,40,32,27,1
26,50,1,57,3
23,14,5,8,0
34,32,4,35,3
38,1,42,17,2
26,8,56,15,2
49,43,51,1,2
38,5,52,50,2
2,26,45,1,2
42,43,56,11,2
28,14,15,52,3
42,18,57,31,2
26,36,1,23,1
57,58,27,59,3
58,56,55,38,0
28,20,12,52,3
18,43,7,8,1
44,56,16,55,1
4,42,58,36,2
38,19,34,43,3
24,52,33,36,1
24,31,31,10,1
24,48,25,30,1
37,19,38,10,2
12,9,37,9,2
44,59,18,32,1
22,52,41,28,1
31,26,12,30,0
44,35,26,40,0
13,34,41,46,3
5,11,31,9,2
17,33,55,25,2
12,36,26,25,1
20,8,51,21,2
11,49,21,58,3
32,38,16,46,3
27,10,3,56,3
41,9,30,15,0
52,46,54,52,2
35,41,47,51,3
4,23,18,51,3
53,25,34,57,3
16,55,31,13,1
11,31,35,29,2
32,19,47,49,3
33,13,39,27,2
32,4,37,9,2
1,21,5,20,1
22,31,3,40,3
22,46,25,34,1
53,29,57,28,2
6,48,58,5,2
51,51,45,7,0
11,59,51,43,1
36,27,10,5,0
42,46,50,11,2
29,46,53,49,2
47,44,31,15,0
23,55,53,58,3
1,14,17,50,3
47,9,52,9,2
2,2,17,47,3
27,37,19,53,3
26,30,43,48,3
14,13,49,39,2
56,40,56,20,0
33,58,45,51,1
7,57,43,24,1
40,0,37,19,0
45,45,57,2,2
1,4,17,24,3
48,50,49,30,1
14,14,10,7,0
39,48,38,58,3
9,21,10,45,3
39,54,19,17,1
29,38,32,13,1
37,45,45,21,1
20,35,0,43,3
32,34,36,35,2
9,22,0,26,3
32,12,7,12,0
1,31,3,10,1
21,22,56,40,2
11,31,46,36,2
33,33,34,54,3
40,26,20,44,3
34,41,7,40,1
41,43,27,53,3
51,7,18,6,0
50,26,20,14,0
22,26,41,49,3
7,28,19,47,3
51,59,20,50,1
30,44,37,22,1
57,18,21,48,0
51,27,7,23,0
51,45,7,26,0
33,38,13,24,1
20,52,31,14,1
55,9,42,21,0
11,26,47,2,2
54,36,40,2,0
32,55,44,45,1
7,57,33,56,1
9,51,37,21,1
41,3,17,27,0
12,23,54,13,2
39,17,5,42,3
56,3,15,40,0
38,12,22,52,3
11,14,12,21,3
28,58,10,13,1
52,43,31,37,0
3,19,22,27,3
37,33,2,58,3
37,27,51,22,2
40,36,38,58,3
34,44,45,4,2
56,7,15,43,0
0,40,15,36,1
36,11,48,54,3
19,34,16,18,1
41,53,24,53,1
26,35,7,52,3
32,50,23,28,1
45,48,3,52,3
38,2,24,53,3
14,30,57,4,2
38,25,14,11,0
18,22,3,46,3
53,4,4,0,0
10,13,26,4,2
7,10,49,12,2
30,4,30,56,3
15,2,32,38,3
59,25,17,12,0
18,58,11,2,1
18,2,9,8,0
29,48,47,29,1
35,16,58,55,2
59,20,12,55,0
47,56,27,25,1
13,15,27,25,2
3,6,35,39,3
24,40,59,55,2
25,40,54,45,2
3,52,7,42,1
43,47,44,24,1
33,45,11,2,1
0,11,29,55,3
42,21,47,57,3
16,8,55,25,2
50,16,37,35,0
30,11,31,53,3
30,58,30,57,1
35,49,2,58,3
34,10,52,55,3
39,15,8,3,0
13,58,4,34,1
31,48,7,55,3
18,39,47,30,2
15,49,37,59,3
36,33,5,42,3
45,3,3,15,0
37,20,12,8,0
24,42,33,10,1
1,42,5,9,1
20,19,40,21,2
41,37,32,10,0
38,22,45,22,2
49,20,40,4,0
25,10,40,35,2
50,5,37,46,0
44,51,24,51,1
59,8,53,38,0
34,53,2,14,1
35,11,26,26,0
37,11,4,52,3
20,57,52,11,1
40,59,27,9,1
35,34,16,18,0
21,7,34,35,3
44,40,12,21,0
28,29,13,26,1
43,20,32,39,0
37,52,20,32,1
2,33,49,5,2
7,46,52,57,3
3,17,22,24,3
26,50,52,31,2
22,41,22,33,1
53,4,3,24,0
27,5,4,40,3
19,48,18,37,1
50,45,31,57,3
24,26,52,9,2
58,37,31,49,0
7,22,13,43,3
21,41,35,47,3
34,22,28,16,0
21,40,42,34,2
25,4,58,53,2
7,27,33,21,2
55,28,2,22,0
28,5,22,13,0
7,16,4,41,3
53,17,56,32,2
31,51,44,48,1
34,32,22,16,0
40,41,14,26,1
40,12,7,11,0
37,12,17,21,0
26,23,16,12,0
46,58,7,8,1
6,9,8,2,1
37,21,29,22,0
18,10,1,38,3
21,14,29,56,3
3,12,3,30,3
29,39,38,21,1
35,27,24,47,3
44,17,59,10,2
30,34,2,28,1
3,22,4,25,3
20,23,27,27,2
20,36,33,28,1
17,32,37,54,3
2,13,14,1,2
15,2,29,40,3
20,47,9,15,1
16,51,4,15,1
37,24,21,8,0
36,22,13,9,0
10,9,12,27,3
27,19,8,30,3
32,38,13,46,3
23,19,47,12,2
6,43,33,16,1
9,25,1,11,1
44,40,16,36,0
27,50,53,39,2
8,26,40,1,2
5,32,51,5,2
5,6,19,48,3
54,2,2,36,0
9,0,50,14,2
48,48,55,48,2
15,58,45,42,1
54,23,39,33,0
51,25,11,8,0
12,1,12,22,3
26,3,4,16,0
17,0,30,57,3
14,51,41,4,1
28,50,28,15,1
44,1,50,13,2
56,36,48,28,0
21,22,50,0,2
55,55,37,3,0
2,29,2,1,1
0,36,22,54,3
12,1,31,23,2
16,19,16,48,3
32,41,13,24,1
54,37,32,58,3
58,40,10,4,0
36,14,42,15,2
30,42,30,43,3
58,4,18,47,0
19,18,47,46,2
0,47,43,19,1
21,54,22,21,1
33,55,47,2,1
1,16,12,8,1
32,23,44,15,2
47,51,9,45,1
56,29,5,50,0
4,54,53,13,1
28,24,56,51,2
52,48,6,5,0
31,24,30,12,0
53,15,54,58,3
55,36,11,21,0
43,29,20,54,3
5,47,14,9,1
2,38,0,59,3
58,41,1,28,0
34,42,56,53,2
52,25,11,23,0
57,59,48,24,1
3,14,9,56,3
25,12,29,52,3
56,36,10,57,3
55,37,45,36,0
27,12,46,49,3
42,16,22,9,0
42,32,36,49,3
16,55,54,31,1
7,26,34,40,3
13,46,46,19,1
12,56,31,43,1
55,37,43,24,0
12,50,37,40,1
30,48,13,7,1
31,21,45,27,2
39,54,1,42,1
34,46,14,29,1
37,4,14,7,0
5,39,18,11,1
2,24,53,51,2
25,39,54,59,3
43,0,8,20,0
46,52,24,47,1
36,32,47,5,2
47,37,53,51,2
59,6,8,40,0
48,40,21,13,0
20,27,38,17,2
55,57,36,19,1
3,41,21,30,1
55,30,55,48,0
29,50,22,3,1
38,32,57,44,2
57,39,17,28,0
7,37,58,44,2
17,59,52,45,1
37,57,2,27,1
57,36,36,2,0
39,57,31,9,1
11,58,3,48,1
30,15,37,4,2
20,12,27,50,3
24,39,55,36,2
10,54,22,18,1
46,14,23,19,0
22,28,31,38,3
36,33,52,46,2
10,2,20,50,3
0,53,6,29,1
50,27,48,12,0
41,7,40,21,0
7,23,1,8,1
0,14,16,39,3
11,54,4,26,1
45,40,54,50,2
50,47,18,9,0
24,8,40,17,2
46,48,34,0,1
40,12,21,55,3
15,42,19,25,1
57,32,35,30,0
31,41,2,12,1
21,16,33,21,2
16,8,15,25,3
35,20,3,35,0
31,47,53,29,2
41,46,35,40,1
28,57,12,8,1
43,32,8,57,3
20,14,12,39,3
33,9,29,9,0
21,13,20,53,3
51,20,38,13,0
23,43,16,59,3
14,55,18,22,1
12,36,20,33,1
58,54,13,34,0
54,34,42,25,0
33,56,4,28,1
46,19,27,25,0
3,12,54,15,2
49,34,54,25,2
20,6,56,58,3
17,38,8,45,3
3,19,4,15,1
37,26,45,14,2
3,37,19,40,3
38,24,37,33,0
53,26,22,58,3
18,18,38,38,2
41,11,16,48,3
32,23,52,15,2
35,47,41,40,1
23,38,10,21,1
39,33,59,12,2
36,18,56,26,2
45,46,52,19,2
39,53,40,22,1
51,52,19,28,1
53,29,4,15,0
30,48,33,46,1
34,34,45,40,2
58,14,38,14,0
58,24,26,36,0
44,57,39,34,1
26,20,20,25,0
50,10,41,22,0
32,11,2,31,0
37,57,55,34,1
48,29,59,16,2
37,17,37,23,0
23,2,32,28,2
17,58,42,56,1
48,57,36,25,1
40,14,13,37,0
12,2,52,33,2
11,49,25,39,1
17,1,30,7,2
13,54,19,46,1
47,43,53,12,2
32,24,34,25,2
0,58,3,25,1
41,36,18,20,0
32,38,59,49,2
47,21,12,35,0
33,11,44,7,2
2,33,5,33,1
14,8,31,9,2
23,41,6,29,1
15,33,20,23,1
8,2,34,1,2
30,56,1,21,1
44,14,0,9,0
46,18,7,7,0
12,20,44,20,2
32,24,35,21,2
28,26,7,15,0
11,50,32,19,1
50,33,24,38,0
10,53,31,44,1
34,48,12,59,3
34,28,44,54,3
19,59,23,10,1
2,19,51,30,2
41,11,49,35,2
19,16,13,1,0
26,5,48,21,2
37,33,40,4,2
44,26,19,42,0
32,42,38,52,3
7,36,1,38,3
45,15,48,28,2
5,47,11,9,1
10,48,26,21,1
15,52,31,38,1
24,23,18,24,0
6,38,38,35,1
4,3,19,7,2
7,39,19,33,1
33,17,38,19,2
35,26,50,0,2
58,49,45,34,0
8,2,2,25,3
46,7,42,38,0
40,29,8,28,0
33,11,29,55,3
26,3,7,53,3
24,15,18,34,3
39,37,22,24,0
5,3,19,10,2
25,42,14,10,1
2,23,59,32,2
13,5,10,33,3
19,38,48,9,2
1,13,25,22,2
26,56,33,21,1
8,29,33,2,2
32,45,25,49,3
59,32,8,59,0
33,19,39,14,2
27,57,4,2,1
26,17,38,45,3
50,11,9,4,0
59,14,6,28,0
39,57,48,39,1
41,21,41,52,3
31,45,56,35,2
1,18,59,45,2
50,36,14,50,0
47,40,26,42,0
10,13,48,28,2
43,19,47,1,2
58,18,14,14,0
32,3,32,41,3
31,59,3,55,1
57,38,16,56,0
45,57,3,55,1
57,3,39,16,0
54,54,38,58,3
58,4,33,25,0
24,59,10,36,1
0,15,22,44,3
52,22,57,34,2
30,36,2,59,3
47,50,33,25,1
19,36,34,37,3
8,53,33,47,1
4,3,47,16,2
45,1,26,34,0
5,3,18,57,3
27,10,57,46,2
54,1,5,9,0
54,32,32,48,0
58,47,8,48,0
9,54,29,34,1
8,21,15,3,1
35,27,58,23,2
4,48,31,41,1
30,25,52,41,2
53,46,22,57,3
2,22,7,46,3
9,29,26,30,3
39,46,59,33,2
43,19,23,20,0
20,28,26,42,3
41,46,41,58,3
57,9,26,42,0
33,52,40,50,1
32,4,46,15,2
34,17,33,56,3
46,56,57,56,2
32,13,22,38,3
30,0,5,43,3
42,27,18,21,0
52,16,21,21,0
26,1,33,31,2
11,23,52,55,3
29,21,31,37,3
37,53,11,43,1
32,53,41,2,1
21,10,33,17,2
36,20,9,32,0
44,11,41,26,0
8,49,55,37,2
33,29,12,42,3
29,5,19,13,0
58,19,27,4,0
42,17,32,29,0
12,8,54,43,2
54,44,37,42,0
26,22,17,10,0
17,53,8,2,1
54,18,49,21,0
1,36,43,35,2
9,15,16,5,2
45,44,28,19,0
46,3,2,53,3
42,20,5,40,0
41,58,52,36,1
30,28,52,30,2
56,45,18,34,0
49,4,29,42,0
55,26,49,47,0
59,34,27,51,0
20,48,4,31,1
34,56,19,1,1
51,33,43,5,0
13,23,10,50,3
47,13,5,36,0
48,29,37,29,0
56,3,45,1,0
25,57,38,29,1
21,46,35,48,3
35,24,50,28,2
49,39,51,9,2
33,18,12,50,3
37,16,35,45,3
56,49,21,6,0
15,5,51,19,2
4,43,6,10,1
54,42,15,53,0
20,52,40,12,1
14,13,50,16,2
45,44,47,24,2
54,46,55,38,2
26,7,23,23,0
22,13,10,46,3
26,30,48,1,2
36,3,32,6,0
57,0,47,29,0
50,45,40,59,3
17,21,19,13,1
12,24,3,51,3
14,43,42,41,1
25,36,19,26,1
6,0,8,26,3
41,3,0,36,0
34,43,27,55,3
2,42,47,15,2
17,30,24,33,3
36,47,8,24,1
21,13,32,52,3
25,41,20,30,1
54,41,46,39,0
43,19,58,16,2
50,23,7,49,0
28,0,53,23,2
35,21,31,59,3
15,40,7,21,1
6,48,17,34,1
46,36,26,40,0
24,25,0,10,1
44,16,19,10,0
28,18,49,40,2
27,41,14,16,1
1,45,8,57,3
0,29,24,11,1
43,22,44,27,2
23,56,32,22,1
38,5,8,49,3
11,17,22,53,3
29,8,24,16,0
50,8,43,34,0
30,13,6,17,0
26,42,8,35,1
19,21,44,32,2
1,21,18,33,3
33,59,48,27,1
37,5,58,7,2
53,53,55,6,2
39,24,47,18,2
53,55,44,9,1
33,59,17,50,1
39,48,24,22,1
10,43,11,12,1
20,28,9,6,1
8,17,58,54,2
12,44,23,56,3
46,50,21,28,1
40,20,23,41,3
39,7,5,14,0
32,45,43,20,1
49,47,46,49,0
11,1,3,35,3
30,49,7,55,3
42,34,53,19,2
42,55,48,56,3
1,43,59,44,2
7,54,34,13,1
53,35,3,38,0
24,17,59,19,2
12,45,40,12,1
42,25,24,10,0
45,23,46,3,2
36,13,24,12,0
40,45,30,36,1
41,8,33,1,0
48,11,22,38,0
3,16,10,57,3
35,13,17,19,0
51,15,8,57,3
54,42,20,21,0
54,11,45,25,0
6,7,50,44,2
13,19,49,1,2
17,17,38,47,3
40,17,41,5,2
26,35,22,40,3
4,12,36,33,2
21,45,39,47,3
58,44,20,22,0
19,38,57,31,2
39,24,42,56,3
14,24,45,34,2
42,1,32,28,0
55,48,56,13,2
58,12,44,42,0
21,13,0,48,3
48,52,6,17,1
2,22,10,18,1
24,0,58,47,2
57,17,1,46,0
57,36,3,16,0
39,56,16,46,1
41,3,22,13,0
48,54,26,59,3
3,1,39,39,2
49,33,40,27,0
36,39,10,40,3
38,30,3,25,0
31,57,56,57,1
33,3,50,5,2
41,32,5,29,0
6,25,25,57,3
43,19,7,59,3
38,3,32,58,3
50,58,3,30,1
11,0,17,55,3
6,36,19,0,1
56,10,56,23,0
7,34,22,42,3
32,24,31,1,0
33,25,38,1,2
5,45,32,13,1
9,49,6,1,1
7,21,6,16,1
19,50,39,40,1
52,42,54,4,2
53,47,48,33,0
4,31,49,46,2
31,20,24,50,3
50,3,50,17,0
39,42,47,48,3
3,6,43,6,2
59,53,43,46,0
10,51,54,12,2
30,0,35,27,2
46,14,3,40,0
34,27,36,38,3
25,49,13,6,1
35,1,0,30,0
12,56,42,29,1
53,12,8,41,0
11,46,45,24,1
40,33,40,21,0
0,45,7,1,1
59,4,9,48,0
19,25,52,40,2
28,43,36,1,1
19,57,41,35,1
32,31,30,39,3
26,47,54,48,2
32,9,59,43,2
31,36,40,50,3
5,9,26,7,2
12,21,19,53,3
41,8,39,35,0
42,55,17,32,1
6,49,25,19,1
13,7,40,23,2
27,35,37,15,2
5,22,18,31,3
45,8,4,19,0
43,27,5,54,3
12,37,49,14,2
19,20,36,21,2
1,15,50,47,2
27,1,35,7,2
24,39,12,45,3
8,44,17,24,1
46,13,22,5,0
26,53,46,56,3
52,25,21,41,0
44,55,47,39,1
27,52,46,46,1
16,3,3,16,0
25,58,44,23,1
25,48,58,15,2
2,59,52,29,1
14,55,55,51,1
56,35,3,38,0
40,54,51,57,3
33,16,13,39,3
9,45,16,54,3
16,57,37,4,1
44,28,35,31,0
45,50,6,27,1
56,41,40,21,0
29,30,23,3,1
34,0,28,26,0
8,37,55,32,2
22,15,15,10,0
3,27,45,54,3
8,20,52,4,2
6,7,20,46,3
46,50,55,52,2
17,8,25,47,3
41,49,9,24,1
32,49,23,51,3
57,39,38,39,0
16,4,54,23,2
53,57,5,9,1
47,45,43,1,0
40,41,26,41,1
47,47,25,21,0
58,11,13,13,0
28,58,42,27,1
52,17,40,14,0
33,45,39,6,1
55,15,31,36,0
40,29,43,51,3
32,22,40,45,3
41,53,26,1,1
29,13,7,10,0
17,54,1,0,1
21,13,42,58,3
3,24,21,55,3
14,51,52,24,2
9,23,48,8,2
10,55,39,1,1
58,59,32,6,1
41,0,6,51,3
13,30,41,38,2
52,13,56,48,2
52,23,56,57,3
28,0,42,32,2
36,18,40,53,3
29,16,10,35,3
27,41,59,9,2
48,45,53,40,2
0,55,29,23,1
40,46,45,4,1
15,29,25,49,3
3,12,22,36,3
28,14,30,59,3
3,57,18,32,1
57,29,52,57,0
56,4,12,51,0
51,13,27,38,0
15,9,23,29,3
8,21,15,45,3
11,29,23,45,3
6,43,3,34,1
20,59,2,19,1
30,24,31,13,2
34,58,27,9,1
28,30,30,29,1
51,3,53,21,2
29,19,36,56,3
44,6,7,46,3
17,40,15,38,1
50,58,57,20,1
29,2,3,44,3
54,44,45,18,0
10,17,20,18,2
24,52,26,7,1
53,49,19,49,0
42,3,39,13,0
0,49,12,28,1
53,39,41,10,0
0,49,42,35,1
2,7,54,14,2
51,18,39,32,0
12,49,40,18,1
58,8,41,27,0
36,41,21,30,1
41,38,41,6,0
56,0,34,59,3
37,11,46,2,2
17,3,36,55,3
22,36,28,49,3
2,28,6,44,3
52,16,27,27,0
34,34,18,36,3
14,29,15,9,1
43,36,15,14,0
57,57,28,29,0
49,5,44,54,3
48,50,12,10,1
19,5,9,27,3
49,55,4,11,1
17,8,45,26,2
55,28,53,15,0
10,23,10,6,1
18,58,24,31,1
55,3,4,16,0
1,25,42,5,2
53,59,12,22,1
22,4,9,34,3
7,9,44,37,2
38,34,43,22,2
9,50,11,55,3
38,20,32,40,3
13,11,8,54,3
50,49,20,31,0
1,1,15,28,3
48,4,51,26,2
28,11,43,34,2
9,53,38,20,1
43,47,7,1,1
51,51,49,33,0
25,1,56,4,2
5,22,39,35,2
2,28,25,52,3
47,32,1,42,0
54,30,53,8,0
48,58,23,29,1
22,27,35,20,2
13,19,19,17,1
53,21,34,8,0
1,47,44,22,1
59,36,10,10,0
55,51,19,27,0
7,10,4,27,3
27,38,14,2,1
10,17,4,43,3
20,21,16,3,1
19,49,24,57,3
21,47,15,41,1
7,59,24,23,1
15,26,28,54,3
25,54,37,48,1
15,38,7,15,1
4,27,52,44,2
56,13,4,55,0
38,50,19,10,1
32,11,35,11,2
50,5,39,2,0
24,11,28,26,2
43,12,35,38,0
52,55,22,55,1
55,9,33,59,3
36,36,8,19,0
52,52,19,23,0
44,22,12,42,0
35,57,43,55,1
58,0,34,41,0
4,28,38,9,2
5,23,1,29,3
25,44,49,9,2
44,30,49,46,2
27,5,20,39,3
58,28,33,24,0
30,26,10,1,0
54,8,22,23,0
3,13,57,18,2
26,59,2,1,1
53,10,8,55,3
35,53,46,38,1
14,30,9,6,1
14,10,45,39,2
11,40,20,7,1
20,32,53,33,2
39,36,33,57,3
17,2,2,43,3
35,21,5,51,3
9,41,59,22,2
6,55,48,30,1
30,12,0,8,0
42,8,10,2,0
53,28,20,46,0
58,44,24,48,0
10,58,3,16,1
44,56,13,14,1
19,3,58,45,2
59,19,15,33,0
34,0,27,39,3
20,58,3,39,1
7,15,19,38,3
21,1,16,7,0
26,39,8,11,1
45,48,58,28,2
57,49,1,58,3
38,5,4,29,0
24,9,25,12,2
18,43,41,26,1
50,29,17,4,0
7,39,42,27,2
58,46,39,39,0
12,59,32,12,1
2,44,8,5,1
20,17,50,48,2
30,17,34,40,3
58,25,36,26,0
12,44,0,5,1
31,38,21,5,1
23,1,23,22,0
52,15,22,12,0
59,8,8,39,0
7,22,37,43,3
58,46,54,21,0
22,31,12,7,1
36,34,43,33,2
8,55,0,43,1
33,48,35,27,1
37,25,50,45,2
8,57,38,14,1
47,41,21,37,0
57,25,38,22,0
20,29,33,56,3
45,55,26,1,1
31,21,0,18,0
58,3,46,24,0
32,13,58,50,2
21,0,7,10,0
13,50,13,6,1
40,31,32,53,3
9,1,13,36,3
52,58,21,36,1
15,5,22,6,2
48,22,17,46,0
2,7,29,35,3
50,33,23,45,0
6,14,52,19,2
44,27,10,27,0
44,8,1,18,0
24,59,28,42,1
53,5,26,40,0
3,9,41,57,3
37,7,21,24,0
19,30,59,6,2
41,27,17,1,0
45,26,48,42,2
0,6,29,1,2
21,47,23,43,1
0,3,31,30,2
8,49,15,59,3
1,52,27,17,1
13,28,34,14,2
10,7,36,10,2
54,2,38,6,0
52,43,7,11,0
7,20,49,41,2
29,49,7,4,1
24,43,15,24,1
19,36,38,21,2
56,17,59,37,2
3,1,6,1,2
25,20,44,9,2
55,0,55,36,0
53,46,48,14,0
45,55,48,37,1
20,11,1,17,0
30,54,32,27,1
36,7,58,35,2
38,56,22,40,1
51,23,43,17,0
46,3,1,31,0
25,7,20,10,0
4,1,44,26,2
14,28,38,49,3
21,47,31,32,1
42,34,33,45,3
43,22,17,4,0
50,5,51,57,3
17,46,13,48,3
52,25,10,58,3
9,28,48,15,2
19,9,50,26,2
41,15,33,0,0
38,51,58,27,2
30,37,22,2,1
49,54,57,19,2
50,53,1,24,1
28,19,3,59,3
37,51,54,35,2
10,21,34,52,3
46,7,57,31,2
37,1,26,23,0
8,57,16,35,1
12,29,20,33,3
43,54,3,16,1
45,33,20,33,0
4,49,53,24,2
48,2,37,32,0
59,32,43,26,0
27,33,24,4,1
2,49,38,19,1
5,22,41,44,3
10,14,10,30,3
27,57,49,45,1
23,21,53,44,2
49,2,48,26,0
25,2,3,12,0
19,26,17,18,1
15,34,41,44,3
21,59,52,38,1
14,41,58,16,2
31,22,18,18,0
3,53,16,0,1
51,39,54,29,2
30,55,3,12,1
36,56,59,34,2
29,32,11,24,1
16,43,55,56,3
5,32,41,16,2
48,4,33,41,0
42,8,33,1,0
5,52,59,12,2
30,31,39,14,2
24,3,17,33,3
31,9,51,57,3
27,27,3,12,0
0,42,50,15,2
49,58,51,24,1
18,9,6,25,3
6,7,6,20,3
40,44,37,19,1
51,0,37,42,0
5,13,33,45,3
28,36,39,43,3
48,47,33,37,0
49,30,16,52,3
57,42,40,30,0
40,40,32,59,3
30,39,48,0,2
46,55,20,19,1
59,16,19,39,0
12,30,23,39,3
48,7,45,28,0
29,23,21,14,0
45,16,0,47,3
47,31,46,52,3
22,14,26,31,3
45,2,33,54,3
57,43,3,37,0
23,5,28,26,2
13,50,44,20,1
36,4,54,2,2
10,2,26,42,3
1,43,42,37,1
49,4,3,17,0
35,58,3,7,1
3,14,14,20,3
50,15,47,17,0
36,52,35,23,1
39,0,18,46,3
7,27,18,14,1
4,42,45,17,2
48,17,45,46,0
30,22,39,31,2
51,41,41,6,0
15,49,25,26,1
51,15,31,26,0
30,49,23,31,1
55,0,37,14,0
41,11,34,52,3
18,12,29,56,3
10,56,11,37,1
11,54,47,32,1
21,19,46,4,2
13,0,30,59,3
8,22,37,38,3
34,17,36,58,3
47,14,35,47,0
49,14,32,28,0
41,46,37,42,1
56,13,3,49,0
42,50,28,41,1
1,49,32,30,1
2,10,9,28,3
16,22,5,44,3
54,12,59,23,2
4,0,56,29,2
54,36,7,9,0
2,55,36,2,1
14,0,2,13,0
54,5,10,29,0
11,50,48,13,1
29,13,14,13,0
0,22,13,58,3
18,7,37,27,2
46,30,10,11,0
49,47,16,45,0
0,0,48,10,2
30,13,3,18,0
51,34,19,16,0
1,16,32,4,2
31,45,1,35,1
13,46,18,12,1
11,8,53,35,2
30,38,7,59,3
47,1,49,53,3
17,57,19,5,1
21,44,7,44,1
41,33,25,50,3
36,17,6,15,0
49,29,53,12,2
11,44,26,0,1
43,22,31,47,3
11,57,18,52,1
19,18,4,38,3
8,46,51,50,2
36,10,11,58,3
6,1,42,27,2
21,32,48,26,2
16,54,28,8,1
38,20,37,14,0
28,43,30,20,1
51,21,22,17,0
40,30,3,33,0
29,27,5,44,3
55,5,46,28,0
52,57,37,5,1
1,36,59,48,2
44,27,0,42,0
35,58,43,48,1
19,6,35,18,2
29,41,58,32,2
16,31,47,13,2
36,20,45,17,2
36,23,34,17,0
56,53,57,22,2
2,13,4,39,3
32,20,48,9,2
21,24,37,52,3
25,58,32,48,1
13,40,16,43,3
6,3,4,13,3
26,1,44,29,2
28,8,23,33,3
34,18,2,32,0
59,48,59,5,0
26,44,16,11,1
29,6,53,47,2
41,15,8,9,0
33,13,0,42,3
30,6,9,14,0
56,30,52,54,0
24,16,34,30,2
42,21,29,34,0
33,47,51,30,2
12,52,59,20,2
14,10,31,41,3
10,38,33,30,1
21,33,44,6,2
13,34,0,14,1
25,27,49,39,2
4,13,7,9,1
47,14,26,45,0
14,39,48,22,2
42,20,58,30,2
55,28,39,54,0
15,56,36,47,1
57,33,48,9,0
45,10,19,57,3
40,42,46,8,2
4,5,39,23,2
43,54,8,40,1
37,6,26,24,0
5,6,13,14,3
5,42,36,49,3
17,37,0,59,3
27,27,7,16,0
59,59,2,51,0
32,30,56,58,3
5,38,36,48,3
2,13,15,51,3
3,8,16,4,2
14,24,42,53,3
22,44,56,32,2
42,20,31,2,0
40,12,44,22,2
4,13,53,37,2
18,48,20,47,1
20,52,21,10,1
58,14,20,19,0
12,50,44,31,1
28,46,54,53,2
34,37,35,59,3
54,56,29,1,1
37,37,9,51,3
3,50,24,18,1
13,6,48,2,2
21,49,21,30,1
57,48,34,44,0
25,42,21,27,1
16,36,0,56,3
16,22,35,43,3
48,43,55,30,2
28,26,40,57,3
6,36,19,37,3
19,53,54,14,2
44,51,40,24,1
43,47,22,32,1
30,46,50,48,2
52,13,12,50,0
36,31,18,16,0
0,25,12,41,3
14,24,18,6,1
32,18,1,41,3
5,37,6,23,1
35,19,33,0,0
29,37,35,49,3
49,45,5,33,0
39,13,23,30,0
31,32,29,43,3
36,41,50,11,2
41,50,58,11,2
41,40,30,25,0
24,52,26,23,1
49,53,17,54,3
6,52,9,0,1
45,29,37,2,0
58,56,24,20,0
31,33,42,16,2
6,40,15,30,1
4,45,34,44,1
39,35,9,4,0
26,34,26,13,1
48,8,1,56,3
31,9,9,24,0
21,6,12,16,0
22,44,13,40,1
27,1,47,22,2
5,6,7,42,3
46,5,10,37,0
34,20,39,13,2
32,1,45,45,2
53,10,0,20,0
27,28,28,5,1
36,20,35,27,0
56,53,57,46,2
52,31,29,12,0
0,45,0,7,1
18,16,55,54,2
14,14,37,54,3
14,34,29,43,3
51,32,33,19,0
31,34,22,45,3
22,40,3,4,1
32,56,38,41,1
54,41,42,40,0
39,32,31,0,0
3,45,51,46,2
30,49,54,53,2
3,35,55,40,2
39,56,11,6,1
9,0,52,34,2
26,42,30,47,3
54,58,50,7,1
55,48,44,46,0
13,11,8,56,3
43,58,44,20,1
59,19,0,6,0
48,7,10,23,0
26,7,29,58,3
57,37,44,45,0
46,46,21,58,3
5,9,31,4,2
25,31,19,41,3
45,51,20,26,1
36,6,7,21,0
26,27,49,19,2
9,24,15,34,3
8,40,39,18,1
36,47,54,57,3
25,21,33,3,2
4,7,28,54,3
21,22,1,16,1
1,31,49,47,2
59,37,22,10,0
51,33,11,38,0
30,34,33,2,1
31,38,44,26,2
45,31,46,16,2
58,44,56,41,0
7,24,38,2,2
43,14,50,27,2
44,3,43,53,3
14,7,55,25,2
22,39,27,4,1
16,46,54,54,2
25,11,54,35,2
5,32,31,26,1
58,39,57,49,0
2,54,8,2,1
24,57,19,26,1
1,18,58,51,2
14,37,36,23,1
28,3,43,26,2
12,32,38,29,2
33,10,12,51,3
51,16,6,57,3
23,15,13,26,3
47,53,51,7,1
30,54,44,42,1
46,59,33,18,1
9,51,11,43,1
18,7,56,8,2
26,13,25,1,0
24,29,30,1,2
55,46,20,29,0
11,11,51,3,2
54,59,3,4,1
45,58,23,1,1
31,42,18,54,3
27,3,48,19,2
50,28,32,26,0
41,50,20,5,1
20,7,33,22,2
17,40,4,36,1
10,39,46,42,2
13,16,7,26,3
39,10,40,43,3
41,38,2,57,3
48,47,28,40,0
40,14,0,5,0
36,22,31,0,0
47,57,11,8,1
44,14,42,49,3
54,30,22,19,0
13,50,42,39,1
50,40,20,23,0
7,13,4,4,1
35,9,51,13,2
24,25,5,34,3
16,34,40,55,3
38,53,57,58,3
38,5,28,13,0
26,12,9,26,0
33,2,10,55,3
4,51,14,39,1
12,12,38,16,2
34,29,6,51,3
41,17,8,52,3
26,19,50,18,2
46,18,4,39,0
28,3,21,19,0
2,47,8,21,1
42,15,32,26,0
18,57,19,50,1
31,49,1,2,1
34,22,12,49,3
57,2,8,42,0
43,5,39,4,0
57,11,55,33,0
49,35,7,52,3
38,56,20,46,1
56,16,53,50,0
39,44,27,43,1
52,43,35,50,0
22,22,18,51,3
56,49,45,32,0
26,4,5,22,0
13,34,34,46,3
25,51,52,18,2
19,15,31,42,3
16,23,15,9,1
14,10,33,49,3
14,45,46,21,2
36,58,2,55,1
50,31,8,41,0
21,51,36,5,1
36,54,31,13,1
0,29,58,36,2
42,51,53,47,2
54,25,18,27,0
46,16,54,1,2
11,36,4,9,1
31,47,54,51,2
57,22,12,55,0
46,45,39,39,0
9,45,35,8,1
19,32,37,24,2
56,49,38,40,0
28,30,36,7,2
47,34,55,53,2
3,1,52,8,2
0,14,29,57,3
44,22,53,19,2
44,13,52,10,2
31,9,26,42,3
36,7,17,3,0
25,29,3,39,3
45,14,47,22,2
4,21,34,23,2
20,12,36,13,2
45,45,19,11,0
32,23,57,20,2
47,32,38,59,3
52,19,26,55,3
16,44,11,46,3
9,46,39,8,1
35,14,16,58,3
9,48,4,59,3
39,13,36,59,3
24,35,6,18,1
15,3,32,36,3
19,0,25,20,2
9,36,50,28,2
42,13,34,41,0
32,34,25,8,1
2,34,33,34,1
49,57,10,20,1
44,47,38,14,1
45,20,54,54,2
26,6,34,52,3
11,52,4,32,1
52,27,3,33,0
31,42,24,21,1
42,41,4,3,0
23,10,36,53,3
47,14,11,22,0
45,48,52,55,3
29,37,35,10,1
24,12,23,14,0
32,36,29,11,1
17,48,45,50,3
44,10,30,29,0
53,12,47,23,0
48,12,9,4,0
8,49,1,21,1
34,55,56,21,2
10,44,51,28,2
59,59,14,20,0
31,14,3,51,3
21,13,46,37,2
13,31,39,22,2
30,48,12,32,1
8,21,52,59,3
37,20,55,21,2
52,31,49,1,0
11,42,8,5,1
38,37,52,59,3
6,0,15,13,2
11,23,52,21,2
9,39,15,24,1
43,27,24,1,0
50,0,9,29,0
18,51,25,17,1
46,41,16,39,0
7,38,33,15,1
35,32,18,31,0
43,59,27,56,1
18,55,5,29,1
27,48,21,48,1
42,17,58,47,2
11,43,54,49,2
57,36,47,47,0
12,45,3,43,1
10,41,43,28,2
48,13,32,2,0
20,39,57,24,2
53,48,56,12,2
32,31,19,6,0
10,17,17,5,1
1,59,29,17,1
16,42,1,10,1
8,36,38,58,3
50,3,57,13,2
25,39,53,52,2
58,51,34,10,0
49,22,50,23,2
21,58,14,20,1
44,26,59,52,2
44,39,16,20,0
16,48,29,0,1
35,57,59,1,2
57,7,16,15,0
48,46,29,38,0
14,47,53,38,2
59,7,36,51,0
28,13,55,25,2
4,51,36,10,1
9,51,31,3,1
52,58,16,13,1
21,4,37,16,2
51,15,15,42,0
27,42,28,56,3
48,6,12,35,0
34,56,38,18,1
40,19,45,32,2
28,37,12,44,3
29,38,38,45,3
1,56,15,55,1
13,5,15,59,3
11,51,3,58,3
8,35,32,19,1
50,52,43,28,1
1,33,12,29,1
31,44,2,7,1
21,42,38,53,3
29,56,43,16,1
24,50,22,3,1
57,56,54,19,0
57,24,25,12,0
4,45,54,43,2
29,22,7,22,0
2,1,11,5,2
23,27,31,24,2
50,36,0,23,0
23,5,52,16,2
58,7,59,46,2
22,8,22,23,3
42,34,15,57,3
55,24,5,31,0
36,2,9,24,0
58,53,19,12,0
19,13,26,41,3
38,14,15,21,0
53,20,59,42,2
37,47,7,26,1
37,17,35,34,0
8,38,2,51,3
30,10,42,54,3
42,0,6,56,3
51,18,38,52,3
5,35,6,24,1
21,5,9,26,3
42,49,3,37,1
22,24,39,29,2
43,3,30,22,0
44,7,0,15,0
32,12,34,25,2
33,1,48,15,2
56,39,11,46,0
9,24,43,17,2
26,49,40,35,1
26,14,26,47,3
35,6,3,50,3
43,47,5,39,1
24,37,58,49,2
32,19,57,12,2
19,7,31,15,2
12,2,2,47,3
37,54,18,31,1
32,1,56,12,2
30,6,9,46,3
7,53,48,1,1
20,48,21,17,1
38,48,22,30,1
3,55,53,33,1
34,15,22,2,0
46,26,22,46,0
14,22,26,52,3
12,49,28,59,3
41,43,46,51,3
10,47,6,25,1
53,48,19,46,0
46,49,57,56,2
3,25,10,13,1
29,28,55,4,2
56,51,54,30,0
38,49,35,30,1
1,5,55,26,2
24,49,6,25,1
28,32,13,12,1
27,24,53,13,2
47,37,52,45,2
17,2,55,49,2
23,25,7,22,1
42,20,39,47,3
46,0,59,11,2
42,7,29,3,0
59,34,25,21,0
23,13,51,44,2
11,54,50,31,1
53,31,17,10,0
31,38,24,34,1
50,23,49,55,3
40,22,15,43,3
18,38,11,25,1
57,20,42,49,0
35,37,35,37,1
53,25,25,46,0
29,34,38,57,3
59,34,20,45,0
51,48,58,38,2
3,49,50,42,2
32,49,33,12,1
14,7,56,30,2
36,31,25,16,0
16,38,57,55,2
7,54,53,2,1
24,1,4,22,0
29,55,33,14,1
52,8,33,4,0
28,37,29,10,1
23,27,3,25,1
40,26,41,39,2
30,1,13,58,3
45,9,46,49,3
54,14,58,18,2
6,54,58,51,2
53,2,45,34,0
49,10,48,36,0
34,30,24,33,0
56,51,22,45,0
57,8,17,28,0
57,18,32,29,0
18,16,47,4,2
19,32,2,34,3
25,12,40,31,2
32,39,34,4,1
35,7,52,49,2
43,11,1,41,0
22,8,26,30,3
37,18,18,59,3
11,8,43,24,2
26,3,51,30,2
32,16,58,14,2
10,33,20,49,3
24,4,33,57,3
31,23,24,53,3
3,4,25,35,3
46,15,42,58,3
6,13,34,33,2
2,33,31,13,1
19,24,50,34,2
18,38,3,31,1
41,24,17,36,0
34,47,0,18,1
47,50,22,51,3
12,39,26,52,3
38,8,13,1,0
50,41,18,28,0
16,57,52,14,1
30,48,13,49,3
39,44,3,54,3
36,3,4,4,0
25,1,35,2,2
40,19,56,36,2
50,23,8,17,0
37,40,2,6,1
10,4,26,57,3
22,32,7,45,3
30,25,24,58,3
54,5,19,41,0
35,14,20,45,3
46,48,12,11,1
18,15,22,2,2
52,25,21,12,0
10,3,10,11,3
14,28,21,32,3
38,24,33,14,0
48,34,2,53,3
42,52,46,10,1
5,52,57,18,2
39,37,56,44,2
36,45,25,13,1
15,25,11,14,1
20,53,29,50,1
31,22,30,15,0
13,40,37,43,3
26,40,41,14,2
1,53,58,3,2
52,26,38,25,0
47,51,14,34,1
35,20,33,45,3
40,43,8,2,1
44,21,34,2,0
33,36,7,43,3
33,5,35,39,3
31,36,24,7,1
16,19,19,43,3
31,59,31,48,1
34,16,19,12,0
7,14,25,5,2
57,17,30,7,0
49,26,25,31,0
52,50,36,38,0
26,37,8,52,3
59,8,6,22,0
22,12,31,25,2
44,52,20,28,1
26,18,31,16,2
20,40,31,41,3
40,26,3,50,3
55,39,12,25,0
52,8,59,4,2
41,20,44,55,3
37,16,13,2,0
45,24,33,4,0
44,11,13,52,3
48,25,24,35,0
27,32,52,34,2
17,58,8,3,1
48,51,15,37,1
15,33,28,53,3
12,29,41,58,3
51,4,10,7,0
30,13,13,50,3
24,11,52,35,2
7,28,36,20,2
59,27,37,19,0
15,22,56,31,2
29,0,18,20,0
43,50,9,53,3
10,43,45,31,2
40,57,6,13,1
41,53,16,39,1
1,40,30,51,3
15,36,0,20,1
51,4,22,20,0
58,26,34,49,0
6,55,27,18,1
56,52,36,27,0
28,40,36,5,1
51,53,28,54,3
54,37,52,45,0
20,56,11,13,1
56,3,49,9,0
50,57,56,24,1
24,13,27,18,2
58,35,14,2,0
28,19,42,29,2
4,42,30,48,3
31,15,50,2,2
6,1,4,33,3
51,30,27,42,0
8,54,18,5,1
25,45,31,42,1
11,10,29,5,2
14,3,51,32,2
10,29,56,26,2
15,40,58,40,2
59,15,28,6,0
1,56,51,40,1
39,27,7,49,3
35,37,23,18,1
15,23,36,22,2
5,20,45,46,3
35,32,36,53,3
49,11,3,53,3
57,50,35,10,0
13,41,19,40,1
36,8,35,26,0
24,51,41,7,1
19,24,31,38,3
9,55,49,48,1
47,21,44,24,0
44,24,8,52,3
5,9,45,36,2
13,49,20,59,3
19,18,31,57,3
14,7,59,38,2
20,0,49,20,2
29,37,11,35,1
59,38,31,15,0
35,52,15,37,1
59,35,36,39,0
37,5,45,56,3
29,15,42,0,2
6,28,59,3,2
24,54,10,24,1
17,48,11,0,1
6,2,30,27,2
51,45,44,50,0
46,24,6,59,3
5,32,45,25,2
12,29,13,9,1
26,32,3,22,1
10,23,56,42,2
47,11,57,27,2
17,17,43,23,2
56,57,12,9,1
46,20,57,30,2
24,27,5,46,3
21,31,25,14,1
8,41,59,54,2
9,47,1,43,1
18,7,53,56,3
40,58,41,55,1
55,0,58,52,2
39,27,54,49,2
59,19,29,15,0
1,35,39,33,2
36,47,45,23,1
57,44,59,23,2
10,58,53,2,1
49,35,32,16,0
50,46,38,9,0
52,30,29,21,0
47,58,20,41,1
19,6,21,42,3
59,9,40,17,0
13,19,7,43,3
20,37,41,32,2
33,27,21,38,3
26,8,27,29,3
17,42,2,53,3
43,54,29,18,1
54,21,33,12,0
1,46,8,52,3
37,59,30,19,1
17,59,22,7,1
49,9,14,57,3
17,45,30,21,1
44,10,7,10,0
51,32,3,10,0
13,4,18,41,3
26,40,21,23,1
47,47,4,56,3
51,5,24,45,0
22,44,15,39,1
46,3,18,55,3
38,11,40,0,2
12,51,0,8,1
37,49,5,36,1
18,24,40,5,2
37,36,1,16,0
4,18,53,59,3
31,12,32,40,3
49,46,20,59,3
58,6,14,23,0
19,10,16,57,3
13,53,13,56,3
55,48,9,43,0
54,38,36,51,0
15,43,5,41,1
52,6,35,1,0
10,24,48,21,2
26,53,34,4,1
43,39,40,59,3
19,30,41,34,2
24,1,18,45,3
25,23,42,50,3
3,44,48,25,2
46,29,15,3,0
21,29,26,17,1
4,12,48,19,2
20,9,28,16,2
44,15,31,20,0
45,2,33,51,3
34,45,32,25,1
29,19,30,27,2
43,38,44,5,2
17,10,23,3,2
48,26,5,32,0
34,36,29,47,3
40,37,8,14,0
20,38,41,27,2
33,24,8,11,0
4,46,43,56,3
45,44,14,32,0
4,15,39,33,2
11,47,20,41,1
42,34,28,28,0
45,35,24,42,0
2,33,44,24,2
14,19,11,40,3
37,0,11,47,3
48,49,37,6,1
19,2,39,13,2
23,9,5,29,3
19,58,45,31,1
44,48,42,54,3
57,47,47,14,0
19,10,55,27,2
58,0,25,14,0
12,50,57,14,2
36,21,58,46,2
53,0,1,18,0
5,32,28,33,3
8,35,23,30,1
24,22,23,59,3
29,38,43,17,2
26,27,44,41,2
35,29,41,26,2
26,7,50,47,2
34,12,7,37,3
51,7,52,58,3
19,31,43,2,2
14,55,51,31,1
58,6,49,56,0
29,59,4,50,1
55,29,42,43,0
51,19,56,53,2
46,17,1,58,3
54,7,51,11,0
24,3,37,46,3
22,46,45,50,3
33,49,13,5,1
36,36,35,39,3
10,38,23,11,1
8,34,43,40,2
9,49,54,23,2
54,24,37,19,0
48,26,29,37,0
28,15,22,59,3
18,7,28,14,2
29,0,10,50,3
15,56,57,24,2
10,10,5,1,0
31,31,50,18,2
40,26,54,10,2
57,0,44,44,0
7,36,41,48,3
40,49,22,38,1
8,14,0,56,3
22,57,18,51,1
25,16,31,36,3
44,33,46,59,3
24,37,43,51,3
0,52,40,26,1
4,24,20,35,3
56,25,53,1,0
34,37,30,10,1
26,31,49,57,3
0,15,28,53,3
1,55,12,50,1
23,52,23,32,1
25,42,43,39,2
50,59,36,21,1
11,7,45,5,2
45,44,28,7,0
16,3,2,59,3
24,16,57,32,2
29,23,10,45,3
5,31,51,58,3
41,18,53,49,2
29,54,18,37,1
36,35,3,26,0
43,48,18,15,1
23,44,29,28,1
3,58,52,59,3
51,54,57,3,2
23,12,1,1,0
29,58,48,32,1
11,30,20,4,1
42,0,13,35,0
52,43,58,43,2
59,47,5,47,0
0,0,2,28,3
22,16,19,39,3
6,14,44,35,2
15,26,17,50,3
6,13,11,59,3
11,10,57,3,2
49,5,21,27,0
36,30,56,12,2
5,0,30,43,3
39,49,54,2,2
54,47,43,22,0
43,56,46,50,1
9,26,11,34,3
1,44,35,4,1
14,53,32,15,1
2,6,7,10,3
22,46,38,2,1
54,22,28,13,0
42,14,17,25,0
40,16,31,45,3
44,13,59,28,2
26,48,31,7,1
17,54,50,50,1
38,0,26,33,0
30,6,34,57,3
58,33,33,25,0
3,20,37,57,3
51,12,4,19,0
14,53,39,22,1
17,47,2,2,1
4,46,43,59,3
42,10,5,15,0
4,24,45,35,2
14,16,46,17,2
4,15,18,39,3
52,24,55,20,2
4,45,59,36,2
3,42,21,30,1
35,33,16,16,0
36,2,29,39,3
1,59,12,46,1
58,13,36,47,0
41,23,15,44,3
39,10,29,27,0
46,28,19,22,0
5,50,9,0,1
16,3,55,34,2
40,8,45,43,2
49,41,4,56,3
38,3,42,37,2
19,53,23,52,1
16,5,18,53,3
42,17,48,2,2
34,49,40,36,1
36,21,44,24,2
6,5,55,41,2
43,27,7,18,0
41,28,2,50,3
27,12,30,15,2
31,56,52,49,1
46,29,34,0,0
6,58,26,24,1
17,26,58,24,2
22,0,36,38,3
33,38,33,25,1
37,51,1,24,1
53,48,22,0,0
42,59,52,25,1
26,20,0,3,0
15,14,27,48,3
12,7,0,16,3
51,12,37,48,0
29,17,47,41,2
7,29,1,57,3
12,49,28,39,1
45,46,10,24,1
26,36,51,16,2
29,20,50,36,2
56,15,34,36,0
19,37,48,29,2
36,31,49,36,2
59,25,5,56,0
23,51,25,51,1
21,1,57,2,2
8,3,43,50,3
33,29,57,2,2
13,37,30,11,1
55,12,3,41,0
22,38,53,21,2
46,28,34,11,0
16,54,40,4,1
25,20,50,24,2
28,26,55,16,2
59,43,31,38,0
53,3,41,36,0
42,56,54,16,1
36,0,36,52,3
49,27,59,10,2
3,55,2,36,1
12,59,11,17,1
54,5,59,35,2
28,48,17,3,1
56,21,5,29,0
54,30,49,4,0
25,2,55,27,2
43,39,26,17,0
3,37,49,55,3
12,11,41,44,3
29,3,1,59,3
47,20,30,46,0
30,7,56,43,2
40,26,4,41,3
45,21,37,0,0
18,34,34,43,3
50,44,58,6,2
16,24,18,16,1
38,9,20,5,0
39,27,20,1,0
51,28,7,49,0
28,38,40,42,3
9,35,59,45,2
23,32,29,40,3
15,58,41,18,1
9,5,42,59,3
39,16,18,40,3
24,4,47,31,2
45,7,41,57,3
27,21,9,23,0
17,59,36,41,1
28,41,14,5,1
39,20,30,11,0
25,59,17,12,1
9,14,1,59,3
31,12,25,50,3
54,5,17,48,0
36,27,44,30,2
50,53,55,39,2
25,8,40,34,2
41,14,38,6,0
0,1,51,21,2
9,15,37,30,2
20,32,10,21,1
16,46,16,58,3
18,50,29,34,1
53,44,19,48,0
26,38,51,28,2
18,45,3,16,1
11,45,31,13,1
34,9,19,12,0
9,7,5,42,3
45,24,9,3,0
54,26,0,4,0
17,20,51,54,3
2,50,59,13,2
38,11,28,2,0
16,5,59,10,2
39,10,56,57,3
17,4,57,10,2
48,27,54,47,2
45,41,10,1,0
42,48,39,15,1
15,40,9,5,1
5,58,41,18,1
20,43,19,15,1
3,49,8,54,3
47,53,37,36,1
5,7,25,43,3
31,4,36,2,2
9,31,43,0,2
3,14,47,11,2
46,23,47,38,2
0,27,1,45,3
44,38,9,32,0
33,58,59,16,2
18,47,3,33,1
13,15,45,12,2
44,0,27,58,3
12,44,1,54,3
44,50,2,36,1
56,13,22,5,0
41,22,1,6,0
37,40,28,20,1
17,33,41,58,3
55,47,56,9,2
55,26,4,23,0
54,12,54,10,0
38,12,26,34,0
44,19,53,31,2
36,30,26,45,3
36,5,25,45,3
22,55,41,46,1
24,50,6,36,1
30,8,55,15,2
20,28,41,10,2
59,54,2,43,0
48,48,30,5,0
9,46,9,40,1
34,50,15,19,1
40,27,37,46,3
1,24,45,3,2
11,3,40,32,2
11,34,50,16,2
43,6,39,30,0
11,10,59,57,2
59,28,55,33,0
30,20,20,28,0
3,30,17,55,3
43,14,18,48,3
1,32,52,23,2
28,7,24,9,0
15,32,36,48,3
35,7,29,10,0
54,7,1,20,0
32,16,11,29,0
28,46,28,56,3
48,56,14,38,1
26,18,14,45,3
43,47,24,34,1
45,32,44,37,0
32,24,5,18,0
19,1,36,14,2
18,26,34,51,3
59,28,31,33,0
59,50,48,53,0
51,20,26,49,0
49,40,39,25,0
22,41,42,38,2
21,9,31,11,2
21,18,1,27,3
23,2,8,8,0
37,27,50,31,2
44,18,6,34,0
31,14,37,50,3
42,30,25,48,3
0,27,51,34,2
14,46,53,59,3
9,42,21,53,3
18,15,48,24,2
0,25,18,12,1
14,48,58,12,2
50,48,55,32,2
41,0,32,27,0
52,9,21,7,0
34,56,21,20,1
26,37,8,10,1
35,18,24,44,3
27,5,49,27,2
13,4,32,28,2
5,26,8,46,3
33,9,11,54,3
12,10,46,52,3
20,7,4,58,3
32,11,33,42,3
27,50,41,29,1
18,18,58,46,2
24,48,44,25,1
23,39,26,45,3
31,46,39,14,1
18,1,3,51,3
48,13,50,58,3
33,6,50,2,2
45,55,16,38,1
42,36,36,7,0
42,48,26,23,1
3,58,31,1,1
41,15,32,1,0
53,45,43,6,0
9,42,18,1,1
9,8,43,23,2
19,14,22,36,3
30,48,57,36,2
35,59,5,45,1
34,45,41,15,1
24,2,4,40,3
19,12,28,4,2
22,52,6,33,1
2,13,17,37,3
31,40,4,53,3
0,25,18,40,3
8,8,20,10,2
21,25,4,31,3
19,1,40,17,2
20,48,21,19,1
36,38,16,24,1
53,44,11,38,0
22,35,55,1,2
57,5,58,0,2
22,26,48,5,2
54,35,16,13,0
18,0,10,47,3
29,4,27,35,3
57,34,35,9,0
35,53,16,6,1
25,42,30,24,1
7,54,31,45,1
6,31,34,5,2
18,31,7,52,3
17,30,30,26,1
30,8,9,12,0
45,19,59,10,2
6,11,6,38,3
20,28,53,3,2
18,56,1,13,1
56,2,26,57,3
9,23,10,53,3
57,32,2,25,0
46,21,1,45,0
39,27,18,59,3
2,1,36,20,2
28,21,49,55,3
54,24,2,22,0
2,7,8,29,3
16,53,34,8,1
30,54,7,37,1
11,32,39,40,3
7,2,21,44,3
16,35,37,51,3
20,24,36,46,3
56,42,45,6,0
7,47,1,11,1
28,28,24,17,0
44,35,24,18,0
22,36,38,43,3
6,25,0,24,1
5,46,23,59,3
59,59,48,20,0
52,58,53,34,1
48,48,17,46,0
25,3,14,23,0
27,13,59,16,2
29,32,30,6,1
31,26,16,15,0
41,24,42,36,2
55,2,2,57,3
54,51,6,12,0
2,21,25,32,3
0,22,17,43,3
5,19,52,21,2
28,19,46,31,2
23,18,9,29,3
6,36,25,29,1
48,45,19,34,0
4,43,18,56,3
50,10,46,14,0
42,18,27,46,3
23,0,52,0,2
33,28,40,16,2
59,19,59,33,0
34,27,5,23,0
11,25,35,27,2
25,19,10,14,0
18,41,46,26,2
1,13,53,20,2
3,7,52,21,2
20,46,57,55,2
24,35,27,7,1
2,50,10,42,1
34,3,7,25,0
44,18,48,2,2
12,38,8,55,3
20,44,25,17,1
58,30,33,59,3
54,47,5,48,0
18,14,41,46,3
3,11,34,59,3
18,22,59,59,2
46,14,25,17,0
5,33,24,43,3
21,40,40,29,1
6,37,22,33,1
32,22,59,38,2
36,3,33,30,0
16,52,59,12,2
12,42,23,48,3
46,41,53,50,2
38,24,54,7,2
52,23,38,35,0
8,6,43,33,2
42,10,31,2,0
45,11,50,12,2
17,29,34,7,2
2,20,50,42,2
27,32,48,35,2
14,24,1,14,1
59,16,48,56,0
28,51,43,33,1
45,40,25,17,0
3,13,57,33,2
55,12,27,53,0
0,3,18,31,3
41,3,48,31,2
56,22,4,19,0
14,16,4,46,3
57,13,15,50,0
20,23,20,18,1
25,5,20,44,3
30,54,6,23,1
52,33,31,35,0
6,48,51,48,2
29,29,8,22,0
48,5,8,5,0
55,12,17,8,0
44,42,13,18,0
25,35,56,0,2
42,10,44,25,2
29,29,34,56,3
1,49,39,57,3
0,59,19,3,1
45,59,55,54,1
49,35,40,46,0
28,29,33,13,2
11,55,27,0,1
36,26,56,14,2
9,8,5,47,3
7,20,27,38,3
24,20,27,19,2
1,17,17,50,3
32,27,23,27,0
12,58,31,46,1
49,9,28,10,0
15,11,41,1,2
33,56,21,45,1
59,22,26,3,0
33,2,17,32,0
16,32,44,3,2
30,59,23,3,1
43,22,1,41,0
33,24,47,31,2
16,59,2,37,1
27,55,36,23,1
13,2,41,38,2
47,46,11,58,3
40,58,56,24,1
56,2,15,7,0
38,55,31,48,1
56,12,33,56,0
55,47,17,43,0
6,46,33,53,3
15,41,41,57,3
18,9,30,40,3
41,41,27,46,3
4,57,25,8,1
40,44,39,5,1
13,36,49,6,2
39,34,53,50,2
24,26,12,45,3
8,36,23,47,3
28,59,51,7,1
54,54,30,33,0
6,49,42,23,1
48,14,52,42,2
37,24,58,40,2
53,8,37,27,0
57,0,58,32,2
1,22,25,15,2
24,51,30,35,1
18,19,53,53,2
14,22,15,23,3
37,58,15,38,1
49,23,13,10,0
11,34,11,43,3
4,54,48,50,1
2,55,6,8,1
23,7,32,4,2
49,27,18,21,0
58,28,0,54,0
19,28,58,37,2
31,38,13,1,1
7,6,1,3,0
47,45,59,58,2
53,49,28,40,0
10,46,18,56,3
22,20,43,35,2
34,33,2,4,0
38,37,51,6,2
1,30,26,17,1
35,59,21,18,1
47,27,59,18,2
22,16,41,48,3
27,13,2,52,3
5,27,43,4,2
9,23,51,52,3
58,28,52,16,0
43,30,2,0,0
8,36,45,13,2
23,34,20,4,1
30,15,14,39,3
49,49,43,9,0
9,47,48,14,2
37,23,48,36,2
37,13,30,22,0
20,48,31,15,1
26,7,40,7,2
30,55,38,27,1
19,49,5,21,1
55,46,26,42,0
9,34,36,5,2
25,54,47,51,1
25,4,17,39,3
25,42,43,2,2
59,57,51,31,0
11,9,47,53,3
45,5,1,9,0
26,44,57,42,2
29,26,43,40,2
21,0,42,42,2
21,38,24,16,1
5,38,46,38,2
1,37,39,0,2
23,45,13,47,3
10,26,4,6,1
14,41,3,29,1
32,56,42,15,1
14,45,37,14,1
51,55,20,0,1
28,49,16,8,1
32,4,10,40,3
16,15,16,25,3
19,32,41,48,3
55,2,23,40,0
25,50,55,11,2
4,8,24,25,3
1,14,28,2,2
50,46,44,5,0
15,43,27,5,1
4,56,9,9,1
18,29,24,48,3
3,56,27,24,1
35,29,8,25,0
15,7,45,1,2
17,48,1,21,1
52,49,27,27,0
28,58,55,41,1
58,3,49,57,0
40,17,40,56,3
38,2,48,39,2
41,7,38,50,3
9,48,16,1,1
33,6,5,55,3
20,44,28,55,3
29,43,58,43,2
23,23,6,16,0
45,42,42,21,0
12,50,38,21,1
57,48,45,33,0
47,57,2,9,1
30,25,20,25,0
1,59,50,0,1
4,37,35,11,1
16,0,43,15,2
4,35,31,21,1
31,18,32,42,3
24,4,7,59,3
34,41,0,45,3
19,42,35,24,1
28,57,59,14,2
56,24,53,44,0
11,14,34,23,2
2,28,19,29,3
54,49,1,13,0
51,15,34,17,0
54,55,6,3,1
37,18,0,55,3
48,58,19,17,1
52,43,25,48,0
41,6,16,24,0
46,30,28,27,0
57,1,55,6,0
39,47,18,20,1
16,44,11,46,3
27,48,53,59,3
34,51,57,35,2
3,7,55,30,2
40,49,7,26,1
35,15,5,8,0
35,43,23,57,3
56,56,42,16,0
48,22,20,53,3
40,54,23,22,1
46,26,32,39,0
2,48,58,53,2
18,55,40,26,1
32,42,30,40,1
56,51,12,46,0
12,29,3,0,1
9,23,54,16,2
14,4,59,25,2
9,2,26,59,3
11,30,37,18,2
46,44,20,49,3
40,7,35,30,0
5,44,35,17,1
4,32,7,44,3
23,8,1,54,3
51,57,25,44,1
2,34,51,44,2
54,24,57,44,2
53,27,46,10,0
54,11,49,43,0
12,32,21,23,1
41,1,15,39,0
8,20,3,29,3
43,20,16,17,0
43,53,51,6,1
39,17,46,45,2
29,11,53,55,3
56,56,50,14,0
53,7,37,53,0
52,38,40,51,0
49,34,19,19,0
24,0,5,20,0
52,10,24,55,3
10,1,6,42,3
52,37,10,24,0
23,54,45,7,1
10,4,6,4,0
31,48,48,22,1
51,56,32,46,1
15,38,3,7,1
43,19,57,27,2
7,42,19,54,3
5,31,35,45,3
36,59,7,44,1
27,23,23,34,3
11,35,37,22,2
39,22,4,19,0
4,22,39,1,2
20,59,54,9,1
30,37,16,22,1
17,9,57,15,2
15,1,53,43,2
11,43,8,42,1
42,24,59,9,2
38,57,27,27,1
56,47,4,54,0
22,12,48,56,3
8,37,45,30,2
42,43,36,47,3
42,6,1,38,0
57,29,43,0,0
23,23,27,29,3
18,48,9,27,1
8,7,27,54,3
25,31,34,12,2
14,3,4,27,3
28,27,14,5,0
23,48,30,32,1
26,20,9,23,0
59,43,18,11,0
3,49,55,21,2
16,5,29,55,3
45,26,58,57,2
1,42,3,23,1
6,58,32,10,1
27,23,2,22,0
31,38,31,23,1
0,33,45,15,2
47,17,26,52,3
49,25,8,12,0
27,55,51,21,1
44,50,39,21,1
21,36,12,43,3
28,5,44,35,2
36,46,47,5,2
33,45,36,11,1
44,39,59,47,2
37,35,3,57,3
16,35,29,22,1
37,28,17,33,0
15,9,28,1,2
49,41,27,52,3
17,5,36,9,2
19,4,53,17,2
5,25,31,48,3
16,22,21,52,3
22,23,39,16,2
6,46,58,13,2
50,5,43,35,0
50,6,5,43,0
20,37,24,42,3
36,8,33,45,3
31,30,56,10,2
11,29,41,22,2
30,37,16,26,1
29,11,40,23,2
52,4,48,46,0
37,35,38,30,2
13,39,13,24,1
5,58,44,1,1
45,27,27,7,0
0,14,45,6,2
16,59,6,46,1
16,1,54,30,2
2,49,45,8,1
11,46,30,45,1
37,37,37,27,0
10,55,24,35,1
50,58,24,31,1
8,41,16,24,1
23,32,31,56,3
22,53,8,44,1
16,52,4,17,1
10,21,43,52,3
4,14,23,26,3
1,20,30,23,2
51,11,54,9,2
36,50,50,22,1
29,8,55,46,2
29,55,39,7,1
39,17,57,45,2
57,53,44,28,0
35,42,47,6,2
5,52,13,11,1
59,8,26,7,0
30,31,53,3,2
13,42,5,3,1
10,6,48,46,2
28,24,16,0,0
31,20,25,32,3
41,25,8,35,0
36,0,22,14,0
50,36,51,6,2
34,4,16,47,3
51,52,35,42,1
23,26,1,54,3
50,8,46,37,0
24,23,3,15,0
28,50,55,41,2
53,17,3,53,0
50,14,19,56,3
45,1,51,50,2
1,54,2,8,1
26,18,13,32,3
30,37,38,1,2
4,31,6,17,1
53,15,39,32,0
58,15,39,4,0
30,13,53,51,2
19,42,2,35,1
55,2,49,50,0
4,30,45,40,2
55,7,35,54,0
21,33,56,34,2
14,1,43,0,2
16,46,3,56,3
15,24,37,45,3
48,24,36,39,0
5,25,38,43,3
29,10,11,31,3
51,41,7,26,0
11,42,31,53,3
8,30,34,30,2
57,58,56,59,3
2,6,17,43,3
12,44,19,21,1
3,24,36,11,2
46,7,16,51,3
59,3,23,9,0
38,16,12,50,3
10,34,10,24,1
49,20,14,9,0
53,31,13,44,0
50,50,15,52,3
6,25,7,11,1
27,57,43,22,1
16,10,31,29,2
38,7,10,19,0
1,45,42,1,1
40,46,18,20,1
21,44,56,11,2
26,21,12,35,3
43,22,37,30,0
35,41,6,58,3
15,17,53,24,2
35,0,11,41,3
21,53,6,3,1
36,53,47,40,1
22,28,48,5,2
38,57,10,43,1
17,59,12,42,1
40,33,11,54,3
38,53,50,8,1
54,12,54,15,0
27,2,12,49,3
37,8,38,18,2
0,33,37,47,3
21,51,59,7,2
38,48,3,53,3
49,38,35,2,0
17,41,34,20,1
1,12,18,18,2
56,7,59,45,2
32,8,38,18,2
55,9,43,33,0
55,15,22,57,3
21,41,4,2,1
19,45,10,54,3
58,39,53,39,0
25,33,25,2,1
59,25,1,10,0
49,40,58,42,2
34,1,15,21,0
45,17,44,25,0
19,39,20,25,1
28,28,48,5,2
23,24,28,14,2
9,41,25,17,1
36,5,42,41,2
49,7,38,23,0
27,25,0,13,0
2,8,56,17,2
14,52,52,12,1
43,7,21,51,3
46,21,25,18,0
27,2,46,48,3
9,3,18,20,3
51,23,4,7,0
59,13,8,5,0
48,40,8,21,0
8,41,11,44,3
3,22,33,39,3
3,51,26,23,1
15,39,47,16,2
29,29,55,25,2
29,48,3,20,1
53,40,17,51,0
5,11,47,58,3
20,35,56,35,2
28,46,54,12,2
19,49,46,19,1
50,11,4,48,0
5,30,16,52,3
17,51,49,51,1
30,26,51,32,2
21,58,35,36,1
30,44,26,35,1
27,38,48,13,2
5,31,7,39,3
39,29,15,15,0
51,10,14,7,0
24,31,40,46,3
18,33,25,8,1
59,11,50,18,0
14,6,36,14,2
16,45,53,15,2
8,34,12,1,1
47,1,2,16,0
41,0,43,38,2
17,22,24,8,2
38,45,21,34,1
47,30,2,47,0
58,51,47,45,0
6,35,29,36,3
41,41,49,55,3
57,54,45,58,3
40,15,46,9,2
5,33,56,46,2
55,21,30,1,0
40,53,17,0,1
12,7,55,23,2
29,26,44,37,2
5,3,28,42,3
12,58,59,7,2
17,28,32,0,2
19,28,1,51,3
4,30,46,9,2
51,9,48,36,0
52,15,1,24,0
22,42,29,52,3
47,1,27,58,3
51,33,4,22,0
41,11,58,2,2
34,48,12,2,1
48,41,0,40,0
14,6,56,31,2
7,21,18,5,1
0,32,19,24,1
54,45,4,21,0
30,32,49,46,2
17,39,47,12,2
59,11,5,42,0
40,16,45,15,2
15,47,34,11,1
33,14,39,53,3
42,59,49,56,1
48,50,58,24,2
7,53,41,51,1
55,41,28,1,0
36,49,20,26,1
8,20,43,43,2
56,45,29,51,0
57,23,58,12,2
44,40,5,11,0
33,57,10,32,1
20,30,10,37,3
34,15,52,34,2
26,42,57,42,2
49,1,21,42,0
40,36,59,22,2
39,40,22,41,3
0,33,39,29,2
45,59,18,42,1
23,42,6,19,1
26,0,14,28,3
36,33,26,27,0
22,24,4,32,3
35,38,25,47,3
5,38,26,39,3
55,0,31,17,0
57,14,36,25,0
6,39,13,45,3
46,23,37,12,0
8,52,33,6,1
6,3,44,16,2
36,33,36,10,0
28,45,16,52,3
28,34,26,28,1
59,59,15,12,0
52,14,45,11,0
46,29,14,56,3
38,56,44,40,1
36,57,52,37,1
50,40,30,42,0
19,53,40,54,3
47,20,17,49,3
4,44,38,26,1
41,4,40,48,3
1,5,42,20,2
15,38,38,48,3
15,7,16,50,3
18,40,33,14,1
36,16,53,21,2
6,35,16,44,3
35,50,58,3,2
48,0,24,59,3
43,6,31,50,3
58,18,9,6,0
46,58,48,27,1
9,11,50,16,2
39,59,28,27,1
7,12,34,46,3
39,32,56,13,2
43,9,2,7,0
49,59,13,18,1
1,20,21,57,3
22,23,53,24,2
5,28,32,47,3
48,59,59,4,1
18,20,24,14,2
13,27,49,41,2
21,18,2,4,0
55,19,27,41,0
24,25,22,20,1
59,3,59,34,0
34,10,34,17,0
26,18,29,50,3
22,25,40,19,2
18,43,9,44,3
33,53,49,46,1
59,49,27,44,0
22,23,36,27,2
53,54,33,46,1
41,36,41,5,0
1,55,44,56,3
30,20,15,25,0
19,29,44,33,2
50,18,9,4,0
19,39,21,11,1
26,8,25,42,3
25,46,37,48,3
53,28,53,34,0
11,50,45,3,1
5,23,52,57,3
43,49,36,47,1
0,24,50,34,2
50,20,30,2,0
34,57,52,57,1
30,28,16,31,3
49,7,45,3,0
10,6,12,56,3
35,1,30,37,3
53,58,6,25,1
34,52,54,15,2
4,31,34,16,2
0,0,55,35,2
12,4,32,49,3
5,52,53,39,2
35,51,7,47,1
54,46,7,5,0
49,26,47,8,0
39,51,21,41,1
31,26,8,59,3
48,51,15,44,1
58,25,23,40,0
2,56,30,5,1
17,35,12,40,3
32,37,7,28,1
43,32,43,20,0
59,25,45,46,0
51,52,44,31,1
26,4,57,35,2
35,43,20,36,1
26,52,19,0,1
9,28,50,49,2
48,58,24,18,1
57,9,30,52,0
34,40,45,0,2
15,43,12,36,1
10,58,38,30,1
35,14,9,9,0
42,58,46,41,1
58,24,3,17,0
28,16,24,46,3
13,7,27,28,3
51,53,53,38,1
33,25,5,27,0
39,14,39,44,3
46,29,25,41,0
24,1,23,55,3
15,45,10,36,1
51,14,34,15,0
5,7,59,36,2
43,14,5,29,0
41,39,41,1,0
9,50,5,17,1
31,41,18,0,1
33,32,8,17,0
35,39,54,9,2
42,2,3,36,0
41,7,30,45,3
29,21,23,17,0
30,44,19,31,1
50,59,8,22,1
8,45,49,51,3
21,27,0,34,3
31,5,38,59,3
23,42,36,4,1
14,33,0,44,3
29,42,56,22,2
10,0,22,31,3
59,1,44,13,0
21,49,10,17,1
43,52,50,42,1
58,49,1,10,0
28,10,7,16,0
20,41,16,38,1
48,13,25,42,0
52,1,32,58,3
27,32,55,31,2
16,34,52,24,2
1,10,36,17,2
3,32,59,39,2
21,43,4,8,1
59,21,33,25,0
35,13,8,0,0
34,2,4,45,3
56,17,25,48,0
26,12,36,49,3
24,14,41,58,3
41,32,16,23,0
10,30,39,56,3
1,16,47,47,2
49,14,20,8,0
56,15,33,31,0
56,58,14,39,1
27,8,22,10,0
26,30,0,20,1
32,43,35,5,1
8,7,50,48,2
0,57,47,52,1
31,51,22,5,1
27,46,26,47,3
24,30,45,10,2
10,6,31,3,2
42,46,15,23,1
52,9,58,56,2
45,26,41,11,0
33,34,10,12,1
43,56,51,36,1
48,39,10,52,3
53,46,1,54,3
20,50,46,21,1
55,24,25,11,0
46,3,56,41,2
9,38,50,18,2
8,0,34,47,3
3,41,5,36,1
55,32,47,9,0
30,13,17,31,3
25,49,30,8,1
4,40,24,57,3
21,29,4,20,1
